City_ID,City,Country,Date,Lat,Lng,Max Temp,Humidity,Cloudiness,Wind Speed
0,Hami,CN,2022-11-25 22:03:50,42.8,93.45,34.05,40,100,7.81
1,Laredo,US,2022-11-25 21:59:52,27.5064,-99.5075,55.69,100,100,11.5
2,Samarai,PG,2022-11-25 22:03:50,-10.6167,150.6667,82.94,76,87,4.07
3,Bredasdorp,ZA,2022-11-25 22:03:51,-34.5322,20.0403,58.71,63,57,1.86
4,Mahebourg,MU,2022-11-25 22:03:51,-20.4081,57.7,75.49,78,40,5.75
5,Palauig,PH,2022-11-25 22:03:52,15.435,119.9045,78.57,59,91,5.21
6,Natal,BR,2022-11-25 22:03:52,-5.795,-35.2094,81.25,78,40,9.22
7,Adrar,MR,2022-11-25 22:03:52,20.5022,-10.0711,73.9,12,100,9.8
8,Albany,US,2022-11-25 22:00:56,42.6001,-73.9662,44.38,70,86,3.0
9,Ushuaia,AR,2022-11-25 22:01:50,-54.8,-68.3,44.06,64,29,9.93
10,Asyut,EG,2022-11-25 22:03:53,27.181,31.1837,63.1,51,1,7.31
11,Arraial Do Cabo,BR,2022-11-25 22:03:53,-22.9661,-42.0278,73.6,86,8,17.36
12,Bambous Virieux,MU,2022-11-25 22:03:54,-20.3428,57.7575,75.45,78,40,5.75
13,Hermanus,ZA,2022-11-25 22:03:54,-34.4187,19.2345,59.5,65,53,7.83
14,Port Alfred,ZA,2022-11-25 22:03:54,-33.5906,26.891,60.19,83,24,6.6
15,Bluff,NZ,2022-11-25 22:03:55,-46.6,168.3333,54.81,61,100,14.45
16,Hobart,AU,2022-11-25 21:59:51,-42.8794,147.3294,57.25,78,75,4.61
17,Yerbogachen,RU,2022-11-25 22:03:55,61.2767,108.0108,-34.78,100,65,3.38
18,Araouane,ML,2022-11-25 22:03:56,18.9048,-3.5265,72.03,12,76,9.75
19,New Norfolk,AU,2022-11-25 22:03:39,-42.7826,147.0587,56.91,67,100,3.89
20,Camopi,GF,2022-11-25 22:03:56,3.1655,-52.3158,77.58,72,57,4.72
21,Faya,SA,2022-11-25 22:03:56,18.3851,42.4509,52.32,65,3,1.3
22,Jamestown,US,2022-11-25 22:03:42,42.097,-79.2353,42.39,62,100,20.71
23,Nagua,DO,2022-11-25 22:03:57,19.3832,-69.8474,80.65,78,40,6.91
24,Butaritari,KI,2022-11-25 22:03:57,3.0707,172.7902,80.92,74,83,9.71
25,Bar Harbor,US,2022-11-25 22:03:57,44.3876,-68.2039,47.98,89,100,8.01
26,Bulgan,MN,2022-11-25 22:03:58,48.8125,103.5347,3.88,67,100,2.57
27,Busselton,AU,2022-11-25 22:03:58,-33.65,115.3333,59.27,73,82,9.66
28,Hithadhoo,MV,2022-11-25 22:03:59,-0.6,73.0833,81.5,75,100,13.47
29,Murdochville,CA,2022-11-25 22:03:59,48.9583,-65.5006,24.28,97,100,5.97
30,Avarua,CK,2022-11-25 22:03:59,-21.2078,-159.775,78.85,73,75,14.97
31,Zyryanka,RU,2022-11-25 22:04:00,65.75,150.85,-18.98,100,100,0.67
32,Atasu,KZ,2022-11-25 22:04:00,48.6814,71.6433,3.74,92,19,11.43
33,Severo-Kurilsk,RU,2022-11-25 22:04:00,50.6789,156.125,31.05,70,100,21.3
34,Chuy,UY,2022-11-25 22:04:01,-33.6971,-53.4616,68.23,85,2,5.66
35,Tuktoyaktuk,CA,2022-11-25 22:04:01,69.4541,-133.0374,9.12,96,98,4.76
36,Yar-Sale,RU,2022-11-25 22:04:01,66.8333,70.8333,-3.51,96,100,11.95
37,East London,ZA,2022-11-25 22:04:02,-33.0153,27.9116,65.17,63,100,3.47
38,Zaysan,KZ,2022-11-25 22:04:02,47.4667,84.8667,25.3,96,100,15.08
39,Dikson,RU,2022-11-25 22:04:03,73.5069,80.5464,-12.03,100,76,4.25
40,Yellowknife,CA,2022-11-25 22:03:21,62.456,-114.3525,9.61,90,91,11.65
41,Punta Arenas,CL,2022-11-25 22:04:03,-53.15,-70.9167,48.11,49,11,25.86
42,Bengkulu,ID,2022-11-25 22:04:04,-3.8004,102.2655,74.48,91,100,3.85
43,Sawtell,AU,2022-11-25 22:04:04,-30.3833,153.1,77.02,53,76,10.36
44,Hilo,US,2022-11-25 22:00:07,19.7297,-155.09,78.24,74,41,11.99
45,Flinders,AU,2022-11-25 22:04:04,-34.5833,150.8552,68.38,69,26,5.99
46,Kapaa,US,2022-11-25 22:05:05,22.0752,-159.319,80.58,60,40,25.32
47,Lodja,CD,2022-11-25 22:05:05,-3.4833,23.4333,69.91,99,88,1.03
48,Cidreira,BR,2022-11-25 22:05:06,-30.1811,-50.2056,69.06,78,0,8.81
49,Eenhana,NA,2022-11-25 22:05:06,-17.4667,16.3333,75.69,54,76,0.87
50,Safaga,EG,2022-11-25 22:05:06,26.7292,33.9365,69.1,54,4,7.67
51,Altay,CN,2022-11-25 22:05:07,47.8667,88.1167,21.31,97,100,4.07
52,Atuona,PF,2022-11-25 22:05:07,-9.8,-139.0333,78.24,70,65,13.42
53,Asau,RO,2022-11-25 22:05:08,46.4333,26.4,33.28,93,98,2.59
54,Kedrovyy,RU,2022-11-25 22:05:08,56.1667,91.8167,-14.13,99,100,4.65
55,Saint-Jean-De-Maurienne,FR,2022-11-25 22:05:08,45.1667,6.5833,25.14,97,92,7.58
56,San Miguel De Cauri,PE,2022-11-25 22:05:09,-10.1,-76.5833,50.36,68,88,5.19
57,Longyearbyen,SJ,2022-11-25 22:05:09,78.2186,15.6401,19.71,89,100,1.14
58,Rikitea,PF,2022-11-25 22:04:19,-23.1203,-134.9692,73.47,76,99,9.08
59,Port Elizabeth,ZA,2022-11-25 22:05:09,-33.918,25.5701,60.31,72,0,14.0
60,Mataura,NZ,2022-11-25 22:05:10,-46.1927,168.8643,54.48,85,100,7.09
61,Barrow,US,2022-11-25 22:05:10,71.2906,-156.7887,8.62,72,100,20.71
62,Hualmay,PE,2022-11-25 22:05:11,-11.0964,-77.6139,70.72,77,34,10.89
63,Bathsheba,BB,2022-11-25 22:05:11,13.2167,-59.5167,81.21,74,20,14.97
64,Cape Town,ZA,2022-11-25 22:03:34,-33.9258,18.4232,62.28,70,23,15.99
65,Qingdao,CN,2022-11-25 22:05:12,36.0986,120.3719,46.72,40,2,17.16
66,Xining,CN,2022-11-25 22:05:12,36.6167,101.7667,33.51,34,31,2.33
67,Fare,PF,2022-11-25 22:05:13,-16.7,-151.0167,78.19,72,35,13.2
68,Zhangye,CN,2022-11-25 22:05:13,38.9342,100.4517,38.75,25,6,8.05
69,Sur,OM,2022-11-25 22:05:13,22.5667,59.5289,75.97,63,1,4.03
70,Nizwa,OM,2022-11-25 22:05:14,22.9333,57.5333,68.59,51,3,2.86
71,Puri,IN,2022-11-25 22:01:20,19.8,85.85,61.32,52,0,8.32
72,Taga,RO,2022-11-25 22:05:14,46.95,24.05,36.32,90,10,2.19
73,Strezhevoy,RU,2022-11-25 22:05:15,60.7333,77.5889,-20.85,93,10,7.65
74,Zirgan,RU,2022-11-25 22:05:15,53.2222,55.9185,13.3,85,100,6.96
75,Kamina,CD,2022-11-25 22:05:15,-8.7386,24.9906,63.59,97,100,1.77
76,Omsukchan,RU,2022-11-25 22:05:16,62.5333,155.8,-35.95,97,52,3.87
77,Cayenne,GF,2022-11-25 22:05:16,4.9333,-52.3333,78.84,89,40,0.0
78,Marathon,US,2022-11-25 22:05:17,44.9,-89.7668,45.64,58,0,5.75
79,Alexandria,EG,2022-11-25 22:05:17,31.2156,29.9553,67.68,53,69,11.83
80,Santa Isabel,BR,2022-11-25 22:05:17,-23.3156,-46.2214,65.91,94,100,5.91
81,Tuatapere,NZ,2022-11-25 22:05:18,-46.1333,167.6833,48.63,80,98,7.23
82,El Alto,PE,2022-11-25 22:05:18,-4.2714,-81.2147,69.46,77,21,13.96
83,Kimbe,PG,2022-11-25 22:05:18,-5.5502,150.1429,81.41,81,97,1.52
84,Kranj,SI,2022-11-25 22:05:19,46.2389,14.3556,36.63,50,100,2.3
85,La Valette-Du-Var,FR,2022-11-25 22:05:19,43.1374,5.9831,56.17,70,20,6.91
86,Mar Del Plata,AR,2022-11-25 22:05:20,-38.0023,-57.5575,63.82,87,20,18.01
87,Ancud,CL,2022-11-25 22:03:40,-41.8697,-73.8203,60.66,74,0,6.33
88,Puerto Ayora,EC,2022-11-25 22:05:20,-0.7393,-90.3518,76.96,93,56,7.0
89,Saldanha,ZA,2022-11-25 22:05:21,-33.0117,17.9442,60.91,71,0,28.3
90,Kodiak,US,2022-11-25 22:03:23,57.79,-152.4072,35.53,57,0,23.24
91,Saint George,US,2022-11-25 22:05:15,37.1041,-113.5841,58.24,28,0,3.44
92,Carnarvon,AU,2022-11-25 22:05:21,-24.8667,113.6333,65.84,70,0,19.22
93,Mahibadhoo,MV,2022-11-25 22:05:22,3.7833,72.9667,80.55,75,71,10.65
94,Merauke,ID,2022-11-25 22:06:22,-8.4667,140.3333,78.98,87,100,7.2
95,Provideniya,RU,2022-11-25 22:06:23,64.3833,-173.3,19.51,68,20,15.66
96,Leh,IN,2022-11-25 22:06:23,34.1667,77.5833,18.14,52,78,2.1
97,Khatanga,RU,2022-11-25 22:06:23,71.9667,102.5,-22.59,100,97,4.5
98,Torbay,CA,2022-11-25 22:03:19,47.6666,-52.7314,34.75,89,46,1.99
99,Muros,ES,2022-11-25 22:06:24,42.7762,-9.0603,52.68,94,98,6.82
100,Sitka,US,2022-11-25 22:06:24,57.0531,-135.33,40.89,81,100,16.11
101,Hasaki,JP,2022-11-25 22:06:24,35.7333,140.8333,50.4,60,100,20.56
102,Maragogi,BR,2022-11-25 22:06:25,-9.0122,-35.2225,78.6,78,40,12.77
103,Avera,US,2022-11-25 22:06:25,33.194,-82.5271,60.91,94,100,4.65
104,Tazovskiy,RU,2022-11-25 22:06:26,67.4667,78.7,-9.85,87,100,9.91
105,Cabo San Lucas,MX,2022-11-25 22:06:26,22.8909,-109.9124,83.61,38,0,3.44
106,Goderich,CA,2022-11-25 22:06:26,43.7501,-81.7165,42.91,66,100,20.83
107,Norman Wells,CA,2022-11-25 22:06:27,65.282,-126.8329,8.96,97,99,2.95
108,Srednekolymsk,RU,2022-11-25 22:06:27,67.45,153.6833,-15.38,98,100,6.38
109,Komsomolskiy,UZ,2022-11-25 22:06:27,40.4272,71.7189,41.72,87,79,0.0
110,Rubiataba,BR,2022-11-25 22:06:28,-15.1644,-49.8033,71.24,88,87,2.15
111,Iqaluit,CA,2022-11-25 22:06:28,63.7506,-68.5145,-2.31,77,96,3.0
112,Qaanaaq,GL,2022-11-25 22:06:29,77.484,-69.3632,1.44,75,100,5.23
113,Batagay,RU,2022-11-25 22:06:29,67.6333,134.6333,-33.95,97,99,3.33
114,Pareora,NZ,2022-11-25 22:06:29,-44.4871,171.2132,59.18,84,8,8.86
115,Saint-Philippe,RE,2022-11-25 22:06:30,-21.3585,55.7679,71.19,83,44,10.65
116,Ilulissat,GL,2022-11-25 22:06:30,69.2167,-51.1,6.3,87,100,4.76
117,Bilibino,RU,2022-11-25 22:06:30,68.0546,166.4372,-13.34,97,99,2.82
118,Paciran,ID,2022-11-25 22:06:31,-6.8767,112.3761,77.88,83,100,4.7
119,Katsuura,JP,2022-11-25 22:06:31,35.1333,140.3,65.07,69,100,17.6
120,Haines Junction,CA,2022-11-25 22:06:32,60.7522,-137.5108,16.93,92,100,1.61
121,Vaini,TO,2022-11-25 22:06:32,-21.2,-175.2,86.16,70,20,10.36
122,Thompson,CA,2022-11-25 22:04:28,55.7435,-97.8558,32.34,97,100,5.5
123,Khasan,RU,2022-11-25 22:06:33,42.4308,130.6434,34.86,53,19,17.25
124,Antsla,EE,2022-11-25 22:06:33,57.8256,26.5406,25.68,94,99,6.35
125,Aykhal,RU,2022-11-25 22:06:34,66.0,111.5,-26.45,100,95,3.31
126,Craig,US,2022-11-25 22:01:38,40.5153,-107.5464,42.39,71,0,1.39
127,Zhongxing,CN,2022-11-25 22:06:34,33.7039,118.6792,53.24,89,0,7.56
128,Nikolskoye,RU,2022-11-25 22:06:35,59.7035,30.7861,17.49,90,42,6.44
129,Chapais,CA,2022-11-25 22:02:45,49.7834,-74.8492,27.09,90,100,10.18
130,Beringovskiy,RU,2022-11-25 22:06:35,63.05,179.3167,3.07,95,72,8.34
131,Cap Malheureux,MU,2022-11-25 22:06:35,-19.9842,57.6142,75.47,68,89,5.01
132,Emerald,AU,2022-11-25 22:06:36,-23.5333,148.1667,78.35,58,1,1.88
133,Beloha,MG,2022-11-25 22:06:36,-25.1667,45.05,74.95,73,60,5.08
134,Portland,US,2022-11-25 22:06:37,45.5234,-122.6762,43.5,96,100,3.44
135,Goure,NE,2022-11-25 22:06:37,13.9835,10.2704,67.75,13,20,9.95
136,Vila Nova De Milfontes,PT,2022-11-25 22:06:37,37.7238,-8.7828,56.25,65,29,5.5
137,Abastumani,GE,2022-11-25 22:06:38,41.7075,42.8457,45.03,77,100,2.75
138,Leningradskiy,RU,2022-11-25 22:06:38,69.3833,178.4167,-8.25,96,100,5.53
139,Shache,CN,2022-11-25 22:06:39,38.4167,77.2406,45.21,24,35,4.05
140,Nome,US,2022-11-25 22:06:39,64.5011,-165.4064,12.27,85,100,0.0
141,Lar,IN,2022-11-25 22:07:39,26.2039,83.9717,61.61,53,0,5.99
142,Bayir,TR,2022-11-25 22:07:40,37.2687,28.2167,45.12,97,8,6.17
143,Nanortalik,GL,2022-11-25 22:07:40,60.1432,-45.2371,33.73,74,100,6.08
144,Victoria,HK,2022-11-25 22:04:46,22.2855,114.1577,73.94,90,100,5.01
145,Nishihara,JP,2022-11-25 22:07:40,26.1842,127.7558,69.08,94,75,2.3
146,Tsiroanomandidy,MG,2022-11-25 22:07:41,-18.7667,46.0333,70.43,66,63,5.26
147,Isangel,VU,2022-11-25 22:07:41,-19.55,169.2667,78.28,85,100,7.92
148,Gambiran,ID,2022-11-25 22:07:41,-6.7988,111.4951,75.2,88,91,2.84
149,Lebu,CL,2022-11-25 22:07:42,-37.6167,-73.65,60.44,71,5,21.92
150,Fortuna,US,2022-11-25 22:07:42,40.5982,-124.1573,61.99,57,0,10.36
151,Ketchikan,US,2022-11-25 22:07:43,55.3422,-131.6461,45.07,87,75,6.91
152,Krasnovishersk,RU,2022-11-25 22:07:43,60.4078,57.082,-2.54,97,5,2.48
153,Dombasle-Sur-Meurthe,FR,2022-11-25 22:07:43,48.6252,6.3497,44.11,93,70,4.61
154,Tonj,SS,2022-11-25 22:07:44,7.2737,28.6822,77.67,37,38,3.27
155,Bastia,FR,2022-11-25 22:07:44,42.6667,9.3333,56.3,90,75,0.0
156,Bonavista,CA,2022-11-25 22:07:45,48.6499,-53.1147,34.79,77,99,14.56
157,Aitape,PG,2022-11-25 22:07:45,-3.1374,142.3475,80.2,84,62,3.6
158,Kaeo,NZ,2022-11-25 22:07:45,-35.1,173.7833,70.32,70,49,5.57
159,Ponta Do Sol,PT,2022-11-25 22:07:46,32.6667,-17.1,68.0,74,47,2.46
160,Yellandu,IN,2022-11-25 22:07:46,17.6,80.3333,66.65,67,71,2.55
161,Nantucket,US,2022-11-25 22:05:20,41.2835,-70.0995,51.94,92,100,24.52
162,Vila Franca Do Campo,PT,2022-11-25 22:05:50,37.7167,-25.4333,69.19,93,100,17.43
163,Sungairaya,ID,2022-11-25 22:07:20,0.7,108.9,77.0,87,100,1.43
164,Cherskiy,RU,2022-11-25 22:07:47,68.75,161.3,-14.15,99,100,1.52
165,Beisfjord,NO,2022-11-25 22:07:47,68.3751,17.5988,23.05,81,21,7.99
166,Nortelandia,BR,2022-11-25 22:07:47,-14.4547,-56.8028,83.37,62,68,4.56
167,Liyang,CN,2022-11-25 22:07:48,29.7057,118.2862,57.0,96,12,0.4
168,Fonte Boa,BR,2022-11-25 22:07:48,-2.4959,-66.2662,81.57,77,29,1.48
169,Scottsbluff,US,2022-11-25 22:07:49,41.8666,-103.6672,63.72,22,0,8.05
170,Iznoski,RU,2022-11-25 22:07:49,54.9881,35.3108,22.62,93,100,8.25
171,Havre-Saint-Pierre,CA,2022-11-25 22:07:49,50.2334,-63.5986,25.16,93,100,6.91
172,Boshnyakovo,RU,2022-11-25 22:07:50,49.6333,142.1667,32.77,77,100,22.12
173,Svarstad,NO,2022-11-25 22:07:50,59.399,9.9698,39.81,45,100,3.87
174,Sabang,ID,2022-11-25 22:07:50,5.8933,95.3214,81.37,73,100,19.71
175,Namibe,AO,2022-11-25 22:07:51,-15.1961,12.1522,74.19,73,15,7.16
176,Lagoa,PT,2022-11-25 22:07:51,39.05,-27.9833,62.47,77,100,14.12
177,Sale,MA,2022-11-25 22:07:51,34.0389,-6.8166,62.74,100,40,0.0
178,Bernay,FR,2022-11-25 22:07:52,49.1667,0.6667,44.08,89,38,1.01
179,Lompoc,US,2022-11-25 22:07:52,34.6391,-120.4579,77.77,15,0,12.66
180,Fairbanks,US,2022-11-25 22:07:52,64.8378,-147.7164,13.6,90,100,0.0
181,Puerto Maldonado,PE,2022-11-25 22:07:53,-12.6,-69.1833,90.0,55,0,9.22
182,Rincon,US,2022-11-25 22:07:39,32.296,-81.2354,62.91,92,100,0.0
183,Chokurdakh,RU,2022-11-25 22:07:53,70.6333,147.9167,-41.3,100,62,1.1
184,Nemuro,JP,2022-11-25 22:07:54,43.3236,145.575,49.66,78,100,27.72
185,Vestmanna,FO,2022-11-25 22:07:54,62.1564,-7.1664,47.32,87,100,11.5
186,Dingle,PH,2022-11-25 22:08:54,10.9995,122.6711,75.02,93,70,6.26
187,Malinyi,TZ,2022-11-25 22:08:55,-8.9333,36.1333,75.85,60,31,3.8
188,Bandar-E Lengeh,IR,2022-11-25 22:08:55,26.5579,54.8807,74.8,51,0,3.96
189,San Patricio,US,2022-11-25 22:08:56,28.017,-97.5169,62.47,96,100,6.33
190,Trelew,AR,2022-11-25 22:08:56,-43.249,-65.3051,94.78,8,0,20.62
191,Bermeo,ES,2022-11-25 22:08:56,43.4209,-2.7215,48.49,83,83,6.53
192,Andenes,NO,2022-11-25 22:08:57,69.3143,16.1194,28.38,86,0,5.75
193,Sept-Iles,CA,2022-11-25 22:05:07,50.2001,-66.3821,26.06,94,100,11.5
194,Arzgir,RU,2022-11-25 22:08:57,45.3728,44.2206,47.05,76,100,12.1
195,Xinzhi,CN,2022-11-25 22:08:58,36.4989,111.7047,43.86,39,75,3.4
196,Lorengau,PG,2022-11-25 22:08:58,-2.0226,147.2712,83.93,63,81,4.85
197,Mmathubudukwane,BW,2022-11-25 22:08:58,-24.6,26.4333,73.06,58,82,13.0
198,Praia Da Vitoria,PT,2022-11-25 22:08:59,38.7333,-27.0667,62.76,98,100,5.88
199,Hobyo,SO,2022-11-25 22:08:59,5.3505,48.5268,79.38,74,6,10.85
200,Hof,DE,2022-11-25 22:08:59,50.3167,11.9167,42.75,92,100,9.22
201,Marawi,PH,2022-11-25 22:09:00,7.9986,124.2928,67.55,93,89,1.86
202,Saurimo,AO,2022-11-25 22:09:00,-9.6608,20.3916,63.59,95,100,0.36
203,Huanren,CN,2022-11-25 22:09:01,41.2647,125.3667,25.32,52,27,9.26
204,Barranca,PE,2022-11-25 22:09:01,-10.75,-77.7667,69.69,78,25,8.99
205,Constitucion,CL,2022-11-25 22:09:01,-35.3333,-72.4167,64.36,65,13,2.51
206,Ballina,AU,2022-11-25 22:09:02,-28.8667,153.5667,76.01,78,43,5.82
207,Digha,IN,2022-11-25 22:09:02,21.6833,87.55,63.12,49,0,10.13
208,Luderitz,NA,2022-11-25 22:09:03,-26.6481,15.1594,60.15,64,1,27.54
209,Khor,RU,2022-11-25 22:08:48,47.8861,134.9464,13.98,96,100,3.8
210,Gopalpur,IN,2022-11-25 22:09:03,19.2667,84.9167,67.5,69,0,6.44
211,Georgetown,MY,2022-11-25 22:08:36,5.4112,100.3354,80.24,87,20,0.0
212,Monterey,US,2022-11-25 22:09:04,36.2505,-121.2516,73.18,17,7,2.73
213,Quatre Cocos,MU,2022-11-25 22:09:04,-20.2078,57.7625,75.31,75,80,13.6
214,Thinadhoo,MV,2022-11-25 22:09:04,0.5333,72.9333,80.49,78,100,11.72
215,Zhigansk,RU,2022-11-25 22:09:05,66.7697,123.3711,-36.69,98,95,7.25
216,Northam,GB,2022-11-25 22:09:05,51.0333,-4.2167,49.39,88,95,11.16
217,Mogzon,RU,2022-11-25 22:09:05,51.7435,111.9606,-14.17,99,20,1.34
218,Maarianhamina,AX,2022-11-25 22:09:06,60.0973,19.9348,35.46,87,100,6.91
219,Grand-Santi,GF,2022-11-25 22:09:06,4.25,-54.3833,79.0,79,86,3.83
220,Ginda,IN,2022-11-25 22:09:07,30.6945,78.4932,50.22,24,36,7.47
221,Ixtapa,MX,2022-11-25 22:09:07,20.7,-105.2,78.22,69,40,9.22
222,Upernavik,GL,2022-11-25 22:08:50,72.7868,-56.1549,9.12,84,100,6.08
223,Pacific Grove,US,2022-11-25 22:09:08,36.6177,-121.9166,74.88,35,0,5.01
224,Southbridge,US,2022-11-25 22:07:49,42.0751,-72.0334,48.6,83,99,1.99
225,Gairo,IT,2022-11-25 22:09:08,39.8497,9.5047,49.17,93,100,3.87
226,Honiara,SB,2022-11-25 22:09:08,-9.4333,159.95,83.32,74,65,3.44
227,Aklavik,CA,2022-11-25 22:09:09,68.2191,-135.0107,0.16,98,94,1.48
228,Boxtel,NL,2022-11-25 22:05:04,51.5833,5.3167,44.94,97,0,7.49
229,Sao Filipe,CV,2022-11-25 22:09:09,14.8961,-24.4956,76.23,64,0,11.95
230,Khed Brahma,IN,2022-11-25 22:10:10,24.0333,73.05,61.75,27,0,5.61
231,Nova Venecia,BR,2022-11-25 22:10:10,-18.7106,-40.4006,72.66,94,96,5.12
232,Esperance,AU,2022-11-25 22:10:11,-33.8667,121.9,60.89,79,19,10.49
233,Walvis Bay,NA,2022-11-25 22:10:11,-22.9575,14.5053,58.08,78,0,18.48
234,Demirci,TR,2022-11-25 22:10:11,39.0461,28.6589,39.4,89,98,5.01
235,Gat,IL,2022-11-25 22:10:12,31.61,34.7642,62.4,100,60,13.29
236,Ribeira Grande,PT,2022-11-25 22:10:12,38.5167,-28.7,64.78,81,100,8.99
237,San Carlos,VE,2022-11-25 22:10:12,9.6612,-68.5827,77.88,85,98,2.08
238,Shaunavon,CA,2022-11-25 22:10:13,49.6501,-108.4181,46.33,52,100,23.62
239,Geraldton,AU,2022-11-25 22:10:13,-28.7667,114.6,50.41,87,8,6.91
240,Misratah,LY,2022-11-25 22:10:13,32.3754,15.0925,66.07,67,65,2.21
241,Chapada Dos Guimaraes,BR,2022-11-25 22:06:57,-15.4606,-55.7497,85.66,52,91,4.59
242,Labuhan,ID,2022-11-25 22:10:14,-6.8844,112.2051,77.9,83,100,4.05
243,Kadaya,RU,2022-11-25 22:10:14,50.9327,119.2911,-13.02,99,91,3.44
244,Xinqing,CN,2022-11-25 22:10:15,48.2333,129.5,14.85,94,100,5.41
245,Jacareacanga,BR,2022-11-25 22:10:15,-6.2222,-57.7528,75.27,95,79,1.3
246,Salalah,OM,2022-11-25 22:10:15,17.0151,54.0924,75.29,73,20,2.3
247,Mananjary,MG,2022-11-25 22:10:16,-21.2167,48.3333,71.74,89,90,4.03
248,Castro,BR,2022-11-25 22:10:16,-24.7911,-50.0119,63.0,73,74,7.16
249,San Fernando,PH,2022-11-25 22:10:17,15.0286,120.6898,76.73,89,48,3.96
250,Ron Phibun,TH,2022-11-25 22:10:17,8.1791,99.8542,74.39,95,88,4.07
251,Dobrun,RU,2022-11-25 22:10:18,53.1851,34.2462,32.07,100,100,7.0
252,Guaymas,MX,2022-11-25 22:10:18,27.9333,-110.9,73.45,22,0,19.1
253,Pevek,RU,2022-11-25 22:10:18,69.7008,170.3133,-3.95,92,100,3.85
254,Meulaboh,ID,2022-11-25 22:10:19,4.1363,96.1285,75.54,86,97,3.22
255,Dzhebariki-Khaya,RU,2022-11-25 22:10:19,62.2167,135.8,-47.7,100,98,1.36
256,Kruisfontein,ZA,2022-11-25 22:10:20,-34.0033,24.7314,51.89,73,2,6.62
257,Wawa,NG,2022-11-25 22:10:20,9.9022,4.4192,77.29,29,64,4.34
258,Inhambane,MZ,2022-11-25 22:10:20,-23.865,35.3833,76.53,91,49,7.0
259,Moerai,PF,2022-11-25 22:10:21,-22.4333,-151.3333,73.51,68,99,16.42
260,Nongan,CN,2022-11-25 22:10:21,44.382,125.1685,18.73,46,75,14.85
261,Lardos,GR,2022-11-25 22:10:21,36.0942,28.0157,59.95,72,0,19.08
262,Huarmey,PE,2022-11-25 22:10:22,-10.0681,-78.1522,70.41,80,66,9.06
263,Taunsa,PK,2022-11-25 22:10:22,30.7048,70.6505,62.94,22,42,1.57
264,Khuzhir,RU,2022-11-25 22:10:22,53.1939,107.3397,15.24,70,95,15.77
265,Suluova,TR,2022-11-25 22:10:23,40.8313,35.6479,44.46,100,75,4.61
266,Clyde River,CA,2022-11-25 22:10:23,70.4692,-68.5914,-9.17,77,75,4.61
267,Klaksvik,FO,2022-11-25 22:10:23,62.2266,-6.589,49.12,84,81,25.59
268,Santa Rosa Del Sur,CO,2022-11-25 22:10:24,7.9644,-74.0544,74.62,89,93,1.99
269,Kaitangata,NZ,2022-11-25 22:10:24,-46.2817,169.8464,52.39,65,99,8.77
270,Tevaitoa,PF,2022-11-25 22:10:25,-16.7833,-151.5,77.83,75,36,15.5
271,Broken Hill,AU,2022-11-25 22:10:25,-31.95,141.4333,78.71,21,31,19.44
272,Salamiyah,SY,2022-11-25 22:10:20,35.0113,37.0532,53.26,77,97,13.53
273,Prince Rupert,CA,2022-11-25 22:10:25,54.3161,-130.3201,42.08,94,100,9.28
274,Tabas,IR,2022-11-25 22:10:26,33.5959,56.9244,60.57,23,0,3.13
275,Changying,CN,2022-11-25 22:10:26,52.8733,123.3213,3.16,97,100,2.77
276,Camacha,PT,2022-11-25 22:10:27,33.0833,-16.3333,63.82,68,0,3.44
277,Bandarbeyla,SO,2022-11-25 22:11:27,9.4942,50.8122,77.67,77,6,12.24
278,Acajutla,SV,2022-11-25 22:11:27,13.5928,-89.8275,82.35,75,31,3.71
279,Raglan,NZ,2022-11-25 22:11:28,-37.8,174.8833,69.1,57,19,7.96
280,Hohhot,CN,2022-11-25 22:11:28,40.8106,111.6522,18.84,20,73,3.09
281,Lasa,IT,2022-11-25 22:11:28,46.6166,10.7002,32.36,86,100,5.44
282,Saskylakh,RU,2022-11-25 22:11:29,71.9167,114.0833,-16.28,98,99,5.7
283,Helsinki,FI,2022-11-25 22:11:29,60.1695,24.9355,32.04,87,75,11.99
284,Santa Rosa,PH,2022-11-25 22:11:30,14.3122,121.1114,80.58,90,76,5.68
285,Vilhena,BR,2022-11-25 22:07:13,-12.7406,-60.1458,76.37,70,84,2.57
286,Rock Falls,US,2022-11-25 22:11:30,41.7798,-89.689,49.14,58,0,6.91
287,Sao Paulo De Olivenca,BR,2022-11-25 22:11:31,-3.3783,-68.8725,78.31,91,50,1.19
288,Khani,GE,2022-11-25 22:11:31,41.9563,42.9566,56.77,62,100,5.53
289,Bajil,YE,2022-11-25 22:11:31,15.0584,43.2851,79.61,67,1,1.97
290,Sungaipenuh,ID,2022-11-25 22:11:32,-2.0833,101.3833,63.72,97,100,1.05
291,Oistins,BB,2022-11-25 22:11:32,13.0667,-59.5333,80.69,74,20,14.97
292,Grand Gaube,MU,2022-11-25 22:11:32,-20.0064,57.6608,75.6,69,88,4.0
293,Dudinka,RU,2022-11-25 22:11:33,69.4058,86.1778,-12.39,99,100,7.09
294,Tingi,TZ,2022-11-25 22:11:33,-11.3,35.0333,65.73,60,3,6.62
295,Awjilah,LY,2022-11-25 22:11:33,29.1081,21.2869,62.38,68,46,6.13
296,Bethel,US,2022-11-25 22:10:06,41.3712,-73.414,50.49,63,60,1.99
297,Kanigiri,IN,2022-11-25 22:11:34,15.4,79.5167,72.91,90,89,1.63
298,Jacqueville,CI,2022-11-25 22:11:34,5.2052,-4.4146,80.62,83,17,9.57
299,Pangai,TO,2022-11-25 22:11:35,-19.8,-174.35,80.38,78,28,14.85
300,Rodnykove,UA,2022-11-25 22:11:35,45.043,33.9541,48.83,90,100,6.33
301,Flagstaff,US,2022-11-25 22:10:11,35.1981,-111.6513,51.84,24,0,10.36
302,Kerouane,GN,2022-11-25 22:11:35,9.2667,-9.0167,72.07,38,7,1.19
303,Sibolga,ID,2022-11-25 22:07:19,1.7427,98.7792,74.34,86,100,3.0
304,Belyy Yar,RU,2022-11-25 22:11:36,53.6039,91.3903,4.86,76,20,15.66
305,Aksu,CN,2022-11-25 22:11:36,41.1231,80.2644,34.18,41,2,2.64
306,Jackson,US,2022-11-25 22:09:33,42.4165,-122.8345,56.44,57,0,0.0
307,Keetmanshoop,NA,2022-11-25 22:11:37,-26.5833,18.1333,69.53,24,6,13.8
308,Tommot,RU,2022-11-25 22:11:37,58.9564,126.2925,-43.1,100,81,0.76
309,George Town,MY,2022-11-25 22:07:04,5.4112,100.3354,80.24,87,20,0.0
310,Sokolka,PL,2022-11-25 22:11:38,53.4072,23.5023,27.68,89,100,2.77
311,Marana,US,2022-11-25 22:11:38,32.4367,-111.2254,69.44,19,0,4.61
312,Krasyliv,UA,2022-11-25 22:11:39,49.6519,26.9725,32.41,94,100,8.14
313,Placido De Castro,BR,2022-11-25 22:11:39,-10.3353,-67.1856,76.77,88,91,3.71
314,Hofn,IS,2022-11-25 22:11:39,64.2539,-15.2082,41.67,91,80,11.65
315,Talnakh,RU,2022-11-25 22:11:40,69.4865,88.3972,-12.8,99,100,1.54
316,Kaoma,ZM,2022-11-25 22:11:40,-14.7833,24.8,64.69,86,85,2.73
317,Narsaq,GL,2022-11-25 22:11:40,60.9167,-46.05,46.62,64,99,10.18
318,Airai,TL,2022-11-25 22:11:41,-8.9266,125.4092,62.42,86,100,1.05
319,Kavaratti,IN,2022-11-25 22:11:41,10.5669,72.642,80.55,73,73,2.3
320,Mogadishu,SO,2022-11-25 22:11:41,2.0371,45.3438,79.18,76,37,9.6
321,Eureka,US,2022-11-25 22:11:42,40.8021,-124.1637,62.26,52,65,1.99
322,Palmer,US,2022-11-25 22:11:42,42.1584,-72.3287,48.24,63,40,18.41
323,Bartica,GY,2022-11-25 22:12:42,6.4,-58.6167,79.12,93,100,2.91
324,Makakilo City,US,2022-11-25 22:12:43,21.3469,-158.0858,79.12,46,0,16.11
325,Poum,NC,2022-11-25 22:12:43,-20.2333,164.0167,76.08,77,92,10.49
326,Qaqortoq,GL,2022-11-25 22:12:44,60.7167,-46.0333,34.36,61,96,12.01
327,Timra,SE,2022-11-25 22:12:44,62.487,17.3257,32.68,93,100,3.44
328,Methoni,GR,2022-11-25 22:12:44,36.8197,21.7049,54.21,54,4,3.83
329,Ladan,UA,2022-11-25 22:12:20,50.5196,32.5818,38.59,91,100,9.95
330,Touros,BR,2022-11-25 22:12:45,-5.1989,-35.4608,79.12,75,50,12.35
331,Kiama,AU,2022-11-25 22:10:57,-34.6833,150.8667,68.58,69,41,1.01
332,Grindavik,IS,2022-11-25 22:12:45,63.8424,-22.4338,41.47,75,0,14.97
333,Riyadh,SA,2022-11-25 22:12:46,24.6877,46.7219,68.14,35,0,9.06
334,Pisco,PE,2022-11-25 22:12:46,-13.7,-76.2167,73.45,68,0,16.11
335,Puerto Madero,MX,2022-11-25 22:12:46,14.7208,-92.4215,88.0,62,20,11.5
336,Arroyo,ES,2022-11-25 22:12:47,41.6096,-4.7969,40.14,89,0,2.3
337,Lavrentiya,RU,2022-11-25 22:12:47,65.5833,-171.0,15.35,87,100,9.91
338,Jelenia Gora,PL,2022-11-25 22:12:47,50.8997,15.729,41.47,85,100,3.65
339,Kigali,RW,2022-11-25 22:12:48,-1.95,30.0588,65.68,88,75,3.44
340,Bardiyah,LY,2022-11-25 22:12:48,31.7561,25.0865,63.14,62,3,13.38
341,Nago,JP,2022-11-25 22:12:48,26.5881,127.9761,68.45,88,100,11.32
342,Tromso,NO,2022-11-25 22:12:49,69.6496,18.957,27.37,86,0,3.44
343,Tasiilaq,GL,2022-11-25 22:12:49,65.6145,-37.6368,37.56,72,100,34.72
344,Souillac,MU,2022-11-25 22:12:50,-20.5167,57.5167,75.58,78,40,5.75
345,Trebinje,BA,2022-11-25 22:12:50,42.7119,18.3442,53.96,33,0,5.75
346,Morehead,US,2022-11-25 22:12:50,37.2711,-87.1764,50.99,71,40,3.44
347,Bilma,NE,2022-11-25 22:12:51,18.6853,12.9164,68.07,20,70,2.53
348,Marystown,CA,2022-11-25 22:12:51,47.1666,-55.1483,31.03,84,52,7.52
349,Kresttsy,RU,2022-11-25 22:12:51,58.2452,32.5165,16.11,90,71,7.83
350,Pasighat,IN,2022-11-25 22:12:52,28.0667,95.3333,60.01,58,4,3.02
351,Karaton,ID,2022-11-25 22:12:52,-6.3424,106.1045,74.12,93,97,4.9
352,Lisakovsk,KZ,2022-11-25 22:12:52,52.5369,62.4936,-7.37,96,11,7.09
353,Atar,MR,2022-11-25 22:12:53,20.5169,-13.0499,76.14,14,80,7.99
354,Taoudenni,ML,2022-11-25 22:12:53,22.6783,-3.9836,76.08,15,100,8.88
355,Faanui,PF,2022-11-25 22:12:53,-16.4833,-151.75,78.89,73,47,15.32
356,Coos Bay,US,2022-11-25 22:12:54,43.3665,-124.2179,54.23,90,100,5.75
357,Coquimbo,CL,2022-11-25 22:12:54,-29.9533,-71.3436,64.13,72,0,12.66
358,Tiksi,RU,2022-11-25 22:12:54,71.6872,128.8694,-20.13,97,100,8.05
359,Luanda,AO,2022-11-25 22:12:55,-8.8368,13.2343,77.0,83,20,4.61
360,Vila,PT,2022-11-25 22:12:55,42.0304,-8.1588,40.08,91,99,3.58
361,San Rafael,AR,2022-11-25 22:12:56,-34.6177,-68.3301,91.02,19,54,3.67
362,Anadyr,RU,2022-11-25 22:12:56,64.75,177.4833,9.1,78,40,4.47
363,Ambilobe,MG,2022-11-25 22:12:56,-13.2,49.05,74.21,67,10,5.17
364,Ponta Delgada,PT,2022-11-25 22:12:57,37.7333,-25.6667,69.49,88,75,20.71
365,Codrington,AU,2022-11-25 22:12:57,-38.2667,141.9667,66.09,65,100,19.33
366,Bara,NG,2022-11-25 22:12:57,10.3744,10.7288,72.88,26,3,7.72
367,Vestmannaeyjar,IS,2022-11-25 22:12:58,63.4427,-20.2734,44.42,70,71,15.64
368,Mount Isa,AU,2022-11-25 22:12:01,-20.7333,139.5,83.97,39,11,0.0
369,Xichang,CN,2022-11-25 22:12:58,27.8964,102.2634,45.59,81,0,0.87
370,Eyrarbakki,IS,2022-11-25 22:13:58,63.863,-21.1481,41.2,75,25,16.11
371,Westport,US,2022-11-25 22:13:59,41.1415,-73.3579,53.42,68,0,8.99
372,Srandakan,ID,2022-11-25 22:13:59,-7.9386,110.2506,76.69,87,100,0.6
373,Leshukonskoye,RU,2022-11-25 22:14:00,64.8989,45.7622,-4.18,100,100,3.31
374,Marsh Harbour,BS,2022-11-25 22:14:00,26.5412,-77.0636,79.68,72,10,8.03
375,Marrakesh,MA,2022-11-25 22:11:24,31.6315,-8.0083,66.27,42,40,3.44
376,Slave Lake,CA,2022-11-25 22:14:00,55.2834,-114.769,36.93,53,50,17.0
377,Viedma,AR,2022-11-25 22:14:01,-40.8135,-62.9967,84.42,21,45,15.82
378,Lazeshchyna,UA,2022-11-25 22:14:01,48.2685,24.4201,20.12,97,57,2.64
379,Mehamn,NO,2022-11-25 22:14:01,71.0357,27.8492,28.31,86,0,8.05
380,Santo Domingo,DO,2022-11-25 22:10:25,18.5001,-69.9886,82.08,86,40,1.99
381,Mount Gambier,AU,2022-11-25 22:14:02,-37.8333,140.7667,68.59,48,100,15.88
382,Chimbote,PE,2022-11-25 22:11:56,-9.0853,-78.5783,69.75,78,18,9.06
383,Kalmunai,LK,2022-11-25 22:14:02,7.4167,81.8167,76.96,84,93,4.9
384,Wajima,JP,2022-11-25 22:14:03,37.4,136.9,62.22,72,61,22.84
385,Znamenskoye,RU,2022-11-25 22:14:03,57.1281,73.8282,-17.09,91,6,6.38
386,Vila Velha,BR,2022-11-25 22:14:03,-20.3297,-40.2925,71.55,96,100,4.61
387,Nhulunbuy,AU,2022-11-25 22:14:04,-12.2333,136.7667,84.81,74,84,0.0
388,Banamba,ML,2022-11-25 22:14:04,13.55,-7.45,74.23,19,33,7.34
389,Haverfordwest,GB,2022-11-25 22:14:04,51.8017,-4.9691,53.06,85,92,3.0
390,Kavieng,PG,2022-11-25 22:14:05,-2.5744,150.7967,82.83,67,59,4.54
391,Axim,GH,2022-11-25 22:14:05,4.8699,-2.2405,79.41,83,1,9.24
392,Carutapera,BR,2022-11-25 22:14:06,-1.195,-46.02,79.14,79,94,6.93
393,Vysokogornyy,RU,2022-11-25 22:14:06,50.1167,139.15,23.11,97,100,3.33
394,Korla,CN,2022-11-25 22:14:06,41.7597,86.1469,32.34,54,4,3.62
395,Bubaque,GW,2022-11-25 22:14:07,11.2833,-15.8333,82.58,62,100,6.76
396,Gornopravdinsk,RU,2022-11-25 22:14:07,60.05,69.9,-26.95,99,6,1.57
397,Puerto Madryn,AR,2022-11-25 22:14:07,-42.7692,-65.0385,88.38,21,53,5.44
398,Chhabra,IN,2022-11-25 22:14:08,24.6667,76.8333,59.34,39,1,2.62
399,Rio Grande,BR,2022-11-25 22:14:08,-32.035,-52.0986,77.11,73,3,11.95
400,Caconda,AO,2022-11-25 22:14:08,-13.7333,15.0667,61.59,95,100,8.88
401,Bacalan,PH,2022-11-25 22:14:09,11.5464,122.0849,76.14,86,70,9.42
402,Pangnirtung,CA,2022-11-25 22:14:09,66.1451,-65.7125,-1.3,75,72,6.76
403,West Bay,KY,2022-11-25 22:14:10,19.3667,-81.4167,86.07,80,20,9.22
404,Callaway,US,2022-11-25 22:14:10,30.153,-85.5699,75.99,87,40,8.05
405,Quchan,IR,2022-11-25 22:14:10,37.106,58.5095,47.46,40,4,5.55
406,Keuruu,FI,2022-11-25 22:14:11,62.2667,24.7,23.81,95,91,4.94
407,Sioux Lookout,CA,2022-11-25 22:09:52,50.1001,-91.917,35.04,82,65,11.54
408,Panorama,GR,2022-11-25 22:14:11,40.5878,23.0315,49.12,55,0,10.0
409,Ardakan,IR,2022-11-25 22:14:12,32.31,54.0175,58.48,32,0,2.98
410,Tessalit,ML,2022-11-25 22:14:12,20.1986,1.0114,70.27,17,59,8.32
411,Svetlyy,RU,2022-11-25 22:14:12,54.675,20.1347,30.25,92,97,4.34
412,Yining,CN,2022-11-25 22:14:13,29.0361,114.5636,56.93,96,0,0.92
413,San Policarpo,PH,2022-11-25 22:14:13,12.1791,125.5072,80.19,83,52,6.71
414,North Bend,US,2022-11-25 22:14:14,43.4065,-124.2243,54.16,89,100,5.75
415,Simao,CN,2022-11-25 22:15:14,22.7886,100.9748,57.7,98,93,0.94
416,Kokoda,PG,2022-11-25 22:15:14,-8.8785,147.7407,81.12,79,100,2.73
417,Necochea,AR,2022-11-25 22:15:15,-38.5473,-58.7368,68.97,44,34,18.1
418,Alakurtti,RU,2022-11-25 22:15:15,66.9672,30.3491,17.15,95,100,3.33
419,Svetlaya,RU,2022-11-25 22:15:15,46.5389,138.3297,36.16,82,100,6.89
420,Namatanai,PG,2022-11-25 22:15:16,-3.6667,152.4333,83.1,66,94,2.35
421,Kayes,ML,2022-11-25 22:15:16,14.0,-11.0,83.28,14,100,6.26
422,Loreto,MX,2022-11-25 22:11:56,22.2667,-101.9667,73.81,24,54,19.04
423,Celestun,MX,2022-11-25 22:15:17,20.8667,-90.4,84.07,73,45,12.35
424,San Quintin,MX,2022-11-25 22:15:17,30.4833,-115.95,69.49,24,0,5.79
425,Yushu,CN,2022-11-25 22:15:17,44.8,126.5333,21.02,55,100,15.32
426,Yaring,TH,2022-11-25 22:15:18,6.8662,101.3689,76.64,87,100,4.12
427,Coihaique,CL,2022-11-25 22:12:34,-45.5752,-72.0662,61.41,41,40,10.36
428,Puerto Del Rosario,ES,2022-11-25 22:14:31,28.5004,-13.8627,69.55,83,20,17.27
429,Hirara,JP,2022-11-25 22:15:19,24.8,125.2833,71.87,88,75,2.3
430,Ocos,GT,2022-11-25 22:15:19,14.5094,-92.1933,87.98,69,100,3.15
431,Karratha,AU,2022-11-25 22:15:19,-20.7377,116.8463,78.67,41,33,8.48
432,Yola,NG,2022-11-25 22:15:20,9.2,12.4833,77.05,23,1,1.19
433,Shelburne,CA,2022-11-25 22:15:20,44.0787,-80.2041,36.05,94,100,14.81
434,Russell,US,2022-11-25 22:15:21,32.3502,-85.1999,62.2,88,100,0.0
435,Roma,US,2022-11-25 22:15:21,43.2128,-75.4557,40.68,88,100,12.66
436,Okhotsk,RU,2022-11-25 22:15:21,59.3833,143.3,-7.2,88,65,16.4
437,Nelson Bay,AU,2022-11-25 22:15:22,-32.7167,152.15,68.09,76,67,13.0
438,Dandong,CN,2022-11-25 22:15:22,40.1292,124.3947,30.47,50,0,12.15
439,Meadow Lake,US,2022-11-25 22:15:22,34.8014,-106.5436,52.5,25,4,6.62
440,Ubinskoye,RU,2022-11-25 22:15:23,55.3068,79.6802,-16.4,92,47,12.62
441,Ardahan,TR,2022-11-25 22:15:23,41.1087,42.7022,37.17,94,100,4.18
442,Ambanja,MG,2022-11-25 22:15:23,-13.6833,48.45,74.93,87,12,1.25
443,Zhongshan,CN,2022-11-25 22:15:24,21.3226,110.5829,74.01,94,85,10.13
444,Dmitriyevka,RU,2022-11-25 22:15:24,54.75,55.3333,26.15,85,100,12.41
445,Inegol,TR,2022-11-25 22:15:25,40.0781,29.5133,45.68,95,100,1.07
446,Chitral,PK,2022-11-25 22:15:25,35.8462,71.7858,48.79,47,92,6.29
447,Ostrovnoy,RU,2022-11-25 22:15:25,68.0531,39.5131,24.13,80,84,26.64
448,Hamilton,US,2022-11-25 22:11:41,39.1834,-84.5333,54.14,55,0,6.91
449,Gunjur,GM,2022-11-25 22:15:26,13.2019,-16.7339,81.97,49,100,8.68
450,Morros,BR,2022-11-25 22:13:29,-9.4467,-46.3003,73.81,80,72,1.03
451,Karema,TZ,2022-11-25 22:15:26,-6.8205,30.4389,74.59,69,28,2.1
452,Bullhead City,US,2022-11-25 22:15:27,35.1478,-114.5683,71.94,16,40,17.27
453,Fairmont,US,2022-11-25 22:15:27,39.4851,-80.1426,49.37,64,20,1.01
454,Weligama,LK,2022-11-25 22:15:27,5.9667,80.4167,74.84,90,99,2.75
455,Tarakan,ID,2022-11-25 22:15:28,3.3,117.6333,74.7,94,75,4.61
456,Urumqi,CN,2022-11-25 22:15:28,43.801,87.6005,25.75,93,75,4.47
457,Socorro,US,2022-11-25 22:15:28,31.6546,-106.3033,50.02,71,100,4.61
458,Pital,CO,2022-11-25 22:15:29,2.2665,-75.8044,77.56,76,86,0.69
459,Beian,NO,2022-11-25 22:16:29,63.6559,9.5683,44.69,57,0,24.16
460,Honningsvag,NO,2022-11-25 22:16:29,70.9821,25.9704,29.95,74,0,17.27
461,Tafalla,ES,2022-11-25 22:16:30,42.5269,-1.6745,46.4,80,22,6.69
462,Betera,ES,2022-11-25 22:16:30,39.5833,-0.45,59.25,46,0,16.11
463,Taltal,CL,2022-11-25 22:16:30,-25.4,-70.4833,69.73,64,35,5.14
464,Khandyga,RU,2022-11-25 22:16:31,62.6667,135.6,-46.59,100,98,1.83
465,Parrsboro,CA,2022-11-25 22:16:31,45.4001,-64.332,45.7,70,100,5.99
466,Vardo,NO,2022-11-25 22:16:32,70.3705,31.1107,26.58,86,100,14.97
467,Biltine,TD,2022-11-25 22:16:32,14.5333,20.9167,73.04,14,31,12.66
468,Campamento,HN,2022-11-25 22:16:32,14.55,-86.65,78.1,56,13,3.83
469,A Coruna,ES,2022-11-25 22:16:33,43.3713,-8.396,52.56,90,0,8.05
470,Petropavlovsk-Kamchatskiy,RU,2022-11-25 22:16:33,53.0452,158.6483,9.19,72,0,6.71
471,Marienburg,PL,2022-11-25 22:16:33,54.0359,19.0266,33.57,96,99,2.57
472,Sochi,RU,2022-11-25 22:16:34,43.6,39.7303,60.89,64,100,6.17
473,Novoilinsk,RU,2022-11-25 22:16:34,51.6829,108.7143,-2.69,90,100,2.93
474,Clearwater,US,2022-11-25 22:12:03,27.9659,-82.8001,80.22,80,0,8.05
475,Jiaozuo,CN,2022-11-25 22:16:34,35.2397,113.2331,49.03,47,0,4.43
476,Kizukuri,JP,2022-11-25 22:16:35,40.8061,140.3861,57.61,74,31,14.45
477,Alappuzha,IN,2022-11-25 22:16:35,9.49,76.3264,76.48,84,97,7.85
478,Asfi,MA,2022-11-25 22:16:35,32.2994,-9.2372,65.79,72,50,13.24
479,Port Hedland,AU,2022-11-25 22:16:36,-20.3167,118.5667,78.85,78,84,4.61
480,Sorong,ID,2022-11-25 22:16:36,-0.8833,131.25,79.83,83,100,5.19
481,Porto Walter,BR,2022-11-25 22:16:37,-8.2686,-72.7439,72.14,98,100,3.38
482,Aras,ES,2022-11-25 22:16:37,42.5617,-2.356,37.81,93,0,6.91
483,Maracaju,BR,2022-11-25 22:16:38,-21.6144,-55.1683,80.82,44,3,10.38
484,Nandigama,IN,2022-11-25 22:16:38,16.7833,80.3,72.63,95,63,2.98
485,Evinayong,GQ,2022-11-25 22:16:38,1.4368,10.5512,67.5,99,96,2.46
486,Egvekinot,RU,2022-11-25 22:16:39,66.3167,-179.1667,0.57,81,100,12.41
487,Ukiah,US,2022-11-25 22:16:39,39.1502,-123.2078,73.44,29,0,9.22
488,Sinjar,IQ,2022-11-25 22:16:39,36.3209,41.8754,55.4,83,99,6.69
489,Yarim,YE,2022-11-25 22:16:40,14.298,44.3779,50.31,52,21,4.27
490,Tual,ID,2022-11-25 22:16:40,-5.6667,132.75,82.89,74,86,6.17
491,Smithers,CA,2022-11-25 22:16:41,54.7804,-127.1743,37.72,81,75,0.0
492,Voh,NC,2022-11-25 22:16:41,-20.9667,164.7,76.53,67,100,5.75
493,Sal Rei,CV,2022-11-25 22:16:41,16.1833,-22.9167,75.94,66,0,17.63
494,Teya,RU,2022-11-25 22:16:42,60.3778,92.6267,-32.42,100,100,3.24
495,Skjervoy,NO,2022-11-25 22:16:42,70.0311,20.9714,24.8,54,100,7.52
496,Patharia,IN,2022-11-25 22:16:42,23.9,79.2,56.86,42,24,2.55
497,Raudeberg,NO,2022-11-25 22:16:43,61.9875,5.1352,49.87,53,97,14.47
498,Healesville,AU,2022-11-25 22:16:43,-37.65,145.5167,70.7,56,99,4.0
499,Bestobe,KZ,2022-11-25 22:16:44,52.4994,73.0975,-6.99,98,75,11.56
500,Evensk,RU,2022-11-25 22:12:19,61.95,159.2333,-15.29,81,82,9.55
501,Bell Ville,AR,2022-11-25 22:12:35,-32.6259,-62.6887,98.67,14,28,10.56
502,Monrovia,LR,2022-11-25 22:15:47,6.3005,-10.7969,79.16,82,3,7.99
503,Sindgi,IN,2022-11-25 22:16:45,16.9167,76.2333,76.17,49,97,8.88
504,Regina,CA,2022-11-25 22:17:45,50.4501,-104.6178,41.11,68,100,4.61
505,Porteirinha,BR,2022-11-25 22:17:46,-15.7433,-43.0283,69.85,91,100,3.27
506,Nouakchott,MR,2022-11-25 22:17:01,18.0858,-15.9785,75.13,31,40,7.76
507,Mandan,US,2022-11-25 22:17:46,46.8267,-100.8896,45.01,63,0,12.66
508,Luchegorsk,RU,2022-11-25 22:17:46,46.4764,134.2569,29.57,92,98,9.66
509,Sao Jose De Ribamar,BR,2022-11-25 22:16:41,-2.5619,-44.0542,84.58,78,71,12.95
510,Yulara,AU,2022-11-25 22:17:47,-25.2406,130.9889,71.24,72,100,1.92
511,Berdigestyakh,RU,2022-11-25 22:17:47,62.0989,126.6992,-44.07,100,100,0.65
512,Rocha,UY,2022-11-25 22:15:26,-34.4833,-54.3333,65.61,91,8,8.05
513,Zarate,AR,2022-11-25 22:17:48,-34.0981,-59.0286,81.14,68,0,8.99
514,Penzance,GB,2022-11-25 22:17:48,50.1186,-5.5371,52.48,82,100,17.29
515,Phan Thiet,VN,2022-11-25 22:17:48,10.9333,108.1,75.25,91,77,4.65
516,Le Port,RE,2022-11-25 22:17:49,-20.9373,55.2919,73.4,55,2,2.84
517,Bakchar,RU,2022-11-25 22:17:49,57.0186,82.0711,-19.95,94,67,8.21
518,Adre,TD,2022-11-25 22:17:50,13.4667,22.2,69.82,14,1,15.57
519,Peace River,CA,2022-11-25 22:17:50,56.2501,-117.286,39.51,52,75,17.27
520,Derzhavinsk,KZ,2022-11-25 22:17:50,51.1,66.3167,2.14,86,5,10.22
521,Vityazevo,RU,2022-11-25 22:17:51,44.9931,37.2719,50.43,93,75,7.0
522,Sinnamary,GF,2022-11-25 22:17:51,5.3833,-52.95,78.85,84,98,7.27
523,Nachod,CZ,2022-11-25 22:17:52,50.4167,16.1629,40.75,95,87,2.73
524,Kiboga,UG,2022-11-25 22:17:52,0.9161,31.7742,63.39,94,96,0.85
525,Guanare,VE,2022-11-25 22:17:52,9.0418,-69.7421,78.8,84,92,1.83
526,Gulariya,NP,2022-11-25 22:17:53,28.2333,81.3333,59.07,78,2,3.36
527,Hambantota,LK,2022-11-25 22:17:53,6.1241,81.1185,76.17,86,89,4.63
528,Douglas,US,2022-11-25 22:15:47,41.3,-96.167,54.95,38,0,11.5
529,Sirjan,IR,2022-11-25 22:17:53,29.452,55.6814,51.96,41,0,3.87
530,Acapulco,MX,2022-11-25 22:14:11,16.8634,-99.8901,85.82,66,40,8.05
531,Nosy Varika,MG,2022-11-25 22:17:54,-20.5833,48.5333,71.82,88,95,3.94
532,Zeya,RU,2022-11-25 22:17:54,53.75,127.2667,0.52,87,100,5.08
533,Sola,VU,2022-11-25 22:17:55,-13.8833,167.55,81.82,71,58,9.33
534,Portomaggiore,IT,2022-11-25 22:17:55,44.6985,11.8068,49.98,93,100,4.23
535,Dicabisagan,PH,2022-11-25 22:17:55,17.0818,122.4157,73.9,71,85,4.7
536,Ucluelet,CA,2022-11-25 22:15:49,48.9329,-125.5528,51.1,80,76,5.01
537,Marblehead,US,2022-11-25 22:17:56,42.5001,-70.8578,51.03,77,100,11.5
538,Alyangula,AU,2022-11-25 22:17:56,-13.8483,136.4192,84.09,72,74,8.68
539,Laguna,US,2022-11-25 22:17:57,38.421,-121.4238,74.17,37,0,3.44
540,Dovolnoye,RU,2022-11-25 22:17:57,54.4958,79.6671,-13.88,91,63,12.84
541,Aksarayskiy,RU,2022-11-25 22:17:58,46.7924,48.0119,42.37,76,100,20.76
542,Auki,SB,2022-11-25 22:17:58,-8.7676,160.7034,83.43,70,96,1.72
543,Stornoway,GB,2022-11-25 22:17:58,58.2093,-6.3865,48.16,85,40,9.22
544,Pontianak,ID,2022-11-25 22:17:59,-0.0333,109.3333,75.18,94,40,3.44
545,Mineros,BO,2022-11-25 22:17:59,-17.1167,-63.2333,95.74,16,0,7.85
546,Begoro,GH,2022-11-25 22:17:59,6.3871,-0.3774,71.89,73,11,3.51
547,Shimoda,JP,2022-11-25 22:18:00,34.6667,138.95,57.11,81,100,9.57
548,Ahipara,NZ,2022-11-25 22:18:00,-35.1667,173.1667,64.13,62,73,5.77
549,Banda Aceh,ID,2022-11-25 22:18:00,5.5577,95.3222,78.87,75,100,12.84
550,Zomin,UZ,2022-11-25 22:18:01,39.9606,68.3958,45.37,56,99,0.74
551,Savannah Bight,HN,2022-11-25 22:19:01,16.45,-85.85,81.27,79,8,16.55
552,Sierra Vista,US,2022-11-25 22:19:01,31.5545,-110.3037,54.5,30,0,12.66
553,Rancho Palos Verdes,US,2022-11-25 22:19:02,33.7445,-118.387,78.46,21,0,10.36
554,San Vicente,AR,2022-11-25 22:19:02,-26.6167,-54.1333,68.58,56,0,3.89
555,Pochutla,MX,2022-11-25 22:19:03,15.7432,-96.4661,87.62,63,65,6.31
556,Aktash,RU,2022-11-25 22:19:03,50.3,87.7333,10.35,94,100,5.21
557,Padang,ID,2022-11-25 22:19:03,-0.9492,100.3543,73.45,87,98,2.77
