City_ID,City,Country,Date,Lat,Lng,Max Temp,Humidity,Cloudiness,Wind Speed,Current Conditions
0,Kapaa,US,2022-11-29 19:27:43,22.0752,-159.319,80.58,92,0,3.44,clear sky
1,Havelock,US,2022-11-29 19:30:34,34.8791,-76.9013,66.94,65,0,12.66,clear sky
2,Tabou,CI,2022-11-29 19:30:35,4.423,-7.3528,78.1,83,33,4.23,scattered clouds
3,Hobart,AU,2022-11-29 19:30:03,-42.8794,147.3294,55.22,77,40,5.75,scattered clouds
4,Soavinandriana,MG,2022-11-29 19:30:35,-19.1667,46.7333,63.86,78,100,1.12,overcast clouds
5,Arraial Do Cabo,BR,2022-11-29 19:30:35,-22.9661,-42.0278,75.16,88,75,19.57,broken clouds
6,Pochutla,MX,2022-11-29 19:30:36,15.7432,-96.4661,86.83,52,29,6.93,scattered clouds
7,Rikitea,PF,2022-11-29 19:30:37,-23.1203,-134.9692,72.28,76,86,17.29,overcast clouds
8,Vaini,TO,2022-11-29 19:27:43,-21.2,-175.2,80.76,74,20,10.36,few clouds
9,Kyshtovka,RU,2022-11-29 19:30:37,56.555,76.6271,-7.94,93,92,4.59,overcast clouds
10,Suntar,RU,2022-11-29 19:30:37,62.1444,117.6319,-21.28,96,100,6.42,overcast clouds
11,Marzuq,YE,2022-11-29 19:30:38,14.4,46.4667,62.83,54,0,1.36,clear sky
12,Tuktoyaktuk,CA,2022-11-29 19:28:43,69.4541,-133.0374,-0.4,78,75,18.41,light snow
13,Lerwick,GB,2022-11-29 19:30:38,60.1545,-1.1494,48.2,80,17,10.16,few clouds
14,Kolondieba,ML,2022-11-29 19:30:39,11.0882,-6.8926,79.07,24,10,3.24,clear sky
15,Victoria,HK,2022-11-29 19:29:38,22.2855,114.1577,77.95,87,0,3.0,clear sky
16,Mount Gambier,AU,2022-11-29 19:30:39,-37.8333,140.7667,50.85,88,62,2.59,broken clouds
17,Camacha,PT,2022-11-29 19:30:39,33.0833,-16.3333,62.02,59,75,3.44,broken clouds
18,Vieques,PR,2022-11-29 19:30:40,18.425,-65.8329,84.85,70,40,12.66,scattered clouds
19,Rio Pomba,BR,2022-11-29 19:30:40,-21.2747,-43.1792,77.23,82,13,8.28,few clouds
20,Lufilufi,WS,2022-11-29 19:30:41,-13.8745,-171.5986,80.38,78,98,12.28,light rain
21,Dikson,RU,2022-11-29 19:30:41,73.5069,80.5464,14.0,95,100,5.66,overcast clouds
22,Kurumkan,RU,2022-11-29 19:30:41,54.3,110.3,-16.2,88,22,4.32,few clouds
23,Busselton,AU,2022-11-29 19:30:42,-33.65,115.3333,68.47,52,69,10.38,broken clouds
24,Bima,ID,2022-11-29 19:30:42,-8.4667,118.7167,76.8,92,100,4.09,overcast clouds
25,Georgetown,MY,2022-11-29 19:29:00,5.4112,100.3354,79.23,91,20,4.61,few clouds
26,Hamilton,US,2022-11-29 19:28:49,39.1834,-84.5333,61.75,64,0,16.11,clear sky
27,Acapulco,MX,2022-11-29 19:29:58,16.8634,-99.8901,82.22,69,100,4.61,overcast clouds
28,Tasiilaq,GL,2022-11-29 19:30:43,65.6145,-37.6368,39.36,96,100,33.55,moderate rain
29,Yellowknife,CA,2022-11-29 19:25:54,62.456,-114.3525,-21.48,76,75,8.01,broken clouds
30,Itarema,BR,2022-11-29 19:30:43,-2.9248,-39.9167,80.82,69,96,11.34,overcast clouds
31,Gwadar,PK,2022-11-29 19:30:44,25.1216,62.3254,75.51,50,0,6.22,clear sky
32,Ahipara,NZ,2022-11-29 19:30:44,-35.1667,173.1667,66.07,88,28,10.16,scattered clouds
33,Bluff,NZ,2022-11-29 19:30:44,-46.6,168.3333,59.81,78,100,9.69,overcast clouds
34,Castro,BR,2022-11-29 19:26:16,-24.7911,-50.0119,63.81,88,100,8.84,overcast clouds
35,Brae,GB,2022-11-29 19:30:45,60.3964,-1.353,46.29,84,17,9.28,few clouds
36,Corn Island,NI,2022-11-29 19:30:45,12.1694,-83.0418,80.73,77,52,15.12,broken clouds
37,Hermanus,ZA,2022-11-29 19:30:46,-34.4187,19.2345,65.8,91,17,3.02,few clouds
38,Torbay,CA,2022-11-29 19:30:46,47.6666,-52.7314,34.57,72,75,17.27,broken clouds
39,Faanui,PF,2022-11-29 19:30:46,-16.4833,-151.75,79.27,77,15,13.22,light rain
40,Jamestown,US,2022-11-29 19:27:12,42.097,-79.2353,46.71,69,100,11.5,overcast clouds
41,Tautira,PF,2022-11-29 19:30:47,-17.7333,-149.15,78.06,80,37,12.03,light rain
42,Siemiatycze,PL,2022-11-29 19:30:47,52.4272,22.8623,33.44,86,100,9.24,overcast clouds
43,Punta Arenas,CL,2022-11-29 19:25:52,-53.15,-70.9167,50.11,57,75,24.16,broken clouds
44,Bethel,US,2022-11-29 19:30:48,41.3712,-73.414,44.19,62,75,5.75,broken clouds
45,Mataura,NZ,2022-11-29 19:30:48,-46.1927,168.8643,59.49,94,100,4.52,overcast clouds
46,Pitimbu,BR,2022-11-29 19:30:48,-7.4706,-34.8086,82.99,70,99,15.26,overcast clouds
47,Bredasdorp,ZA,2022-11-29 19:30:49,-34.5322,20.0403,64.78,80,0,1.72,clear sky
48,Elko,US,2022-11-29 19:30:13,41.0002,-115.5012,27.05,68,9,7.0,clear sky
49,Sabang,ID,2022-11-29 19:31:50,5.8933,95.3214,81.12,76,100,7.96,overcast clouds
50,Bambous Virieux,MU,2022-11-29 19:31:50,-20.3428,57.7575,73.65,83,40,4.61,scattered clouds
51,Barrow,US,2022-11-29 19:31:50,71.2906,-156.7887,1.42,78,75,12.66,broken clouds
52,Cherskiy,RU,2022-11-29 19:31:51,68.75,161.3,-7.55,96,100,9.84,overcast clouds
53,Thompson,CA,2022-11-29 19:27:36,55.7435,-97.8558,5.16,78,100,19.57,light snow
54,Saint-Georges,GD,2022-11-29 19:31:51,12.0564,-61.7485,83.88,74,40,17.27,scattered clouds
55,Avarua,CK,2022-11-29 19:31:52,-21.2078,-159.775,78.85,78,75,13.8,broken clouds
56,Bengkulu,ID,2022-11-29 19:28:51,-3.8004,102.2655,76.01,90,100,2.53,overcast clouds
57,Iqaluit,CA,2022-11-29 19:30:00,63.7506,-68.5145,-15.07,76,20,18.41,few clouds
58,Kungurtug,RU,2022-11-29 19:31:53,50.5994,97.5228,-19.75,97,97,1.23,overcast clouds
59,Constitucion,CL,2022-11-29 19:31:53,-35.3333,-72.4167,64.89,64,20,16.08,few clouds
60,Nurota,UZ,2022-11-29 19:31:54,40.5614,65.6886,42.19,70,14,6.6,few clouds
61,Ushuaia,AR,2022-11-29 19:31:50,-54.8,-68.3,49.62,66,75,26.46,light rain
62,Qaanaaq,GL,2022-11-29 19:27:32,77.484,-69.3632,-15.32,79,14,4.79,few clouds
63,Banes,CU,2022-11-29 19:31:54,20.9625,-75.7186,82.96,61,64,12.8,broken clouds
64,Chokurdakh,RU,2022-11-29 19:31:55,70.6333,147.9167,-12.17,98,100,8.93,light snow
65,Cooma,AU,2022-11-29 19:31:55,-36.2333,149.1333,47.08,88,41,3.96,scattered clouds
66,Tukrah,LY,2022-11-29 19:31:56,32.5341,20.5791,63.18,78,97,16.02,light rain
67,Vanimo,PG,2022-11-29 19:31:56,-2.6741,141.3028,76.82,88,100,3.4,moderate rain
68,Muli,MV,2022-11-29 19:31:56,2.9167,73.5667,80.38,66,99,3.65,overcast clouds
69,Mattru,SL,2022-11-29 19:31:57,7.6244,-11.8332,75.31,92,16,3.38,light rain
70,Manzanillo,CU,2022-11-29 19:31:57,20.3433,-77.1167,91.24,37,28,11.97,scattered clouds
71,Raudeberg,NO,2022-11-29 19:31:57,61.9875,5.1352,43.86,69,100,11.18,overcast clouds
72,Yubileynyy,RU,2022-11-29 19:31:58,58.781,57.7778,7.0,99,92,1.34,overcast clouds
73,Kushima,JP,2022-11-29 19:31:58,31.4583,131.2333,65.79,90,95,7.31,overcast clouds
74,Sangar,RU,2022-11-29 19:31:59,63.9242,127.4739,-39.1,99,100,1.32,overcast clouds
75,Shikhazany,RU,2022-11-29 19:31:59,55.5605,47.393,6.55,97,58,1.3,broken clouds
76,Butaritari,KI,2022-11-29 19:31:59,3.0707,172.7902,80.78,76,49,10.36,scattered clouds
77,Saint George,US,2022-11-29 19:27:03,37.1041,-113.5841,50.25,25,0,10.0,clear sky
78,Mar Del Plata,AR,2022-11-29 19:28:52,-38.0023,-57.5575,91.83,72,40,17.27,scattered clouds
79,Mahebourg,MU,2022-11-29 19:32:00,-20.4081,57.7,73.69,83,40,4.61,scattered clouds
80,San Patricio,US,2022-11-29 19:32:00,28.017,-97.5169,86.09,62,100,11.81,overcast clouds
81,Maarianhamina,AX,2022-11-29 19:32:01,60.0973,19.9348,37.26,87,75,9.22,broken clouds
82,Svetlogorsk,BY,2022-11-29 19:32:01,52.6333,29.7333,28.71,92,100,8.5,overcast clouds
83,Ikungi,TZ,2022-11-29 19:32:02,-5.1333,34.7667,68.59,63,81,7.85,broken clouds
84,Cape Town,ZA,2022-11-29 19:30:03,-33.9258,18.4232,66.11,86,0,9.22,clear sky
85,Zomba,MW,2022-11-29 19:32:03,-15.386,35.3188,65.62,93,100,7.43,heavy intensity rain
86,Namuac,PH,2022-11-29 19:32:04,18.6109,121.1657,78.91,89,1,9.66,clear sky
87,Aklavik,CA,2022-11-29 19:32:05,68.2191,-135.0107,-22.0,76,75,3.44,broken clouds
88,Tehri,IN,2022-11-29 19:32:05,30.3833,78.4833,56.01,52,100,4.54,overcast clouds
89,Ancud,CL,2022-11-29 19:32:06,-41.8697,-73.8203,52.32,75,100,3.8,overcast clouds
90,Puerto Ayora,EC,2022-11-29 19:27:30,-0.7393,-90.3518,76.96,85,47,5.99,scattered clouds
91,Isangel,VU,2022-11-29 19:33:07,-19.55,169.2667,77.11,94,92,0.0,overcast clouds
92,Albany,US,2022-11-29 19:33:02,42.6001,-73.9662,38.17,66,93,5.17,overcast clouds
93,Lata,PT,2022-11-29 19:33:08,40.1629,-8.3327,49.08,92,99,1.41,overcast clouds
94,Sanandaj,IR,2022-11-29 19:33:08,35.3144,46.9923,42.82,81,75,0.0,broken clouds
95,Nanortalik,GL,2022-11-29 19:30:10,60.1432,-45.2371,32.83,91,100,14.09,overcast clouds
96,Nemuro,JP,2022-11-29 19:33:09,43.3236,145.575,42.55,83,100,19.95,overcast clouds
97,Guerrero Negro,MX,2022-11-29 19:33:10,27.9769,-114.0611,65.93,55,0,16.04,clear sky
98,East London,ZA,2022-11-29 19:33:11,-33.0153,27.9116,71.98,80,42,22.53,scattered clouds
99,Grindavik,IS,2022-11-29 19:33:12,63.8424,-22.4338,45.07,93,100,36.82,overcast clouds
100,Vardo,NO,2022-11-29 19:33:13,70.3705,31.1107,35.58,80,100,16.11,overcast clouds
101,Sibolga,ID,2022-11-29 19:33:14,1.7427,98.7792,75.69,87,100,2.66,overcast clouds
102,Mazeikiai,LT,2022-11-29 19:33:14,56.3167,22.3333,21.85,97,49,5.28,scattered clouds
103,Anadyr,RU,2022-11-29 19:33:15,64.75,177.4833,34.3,80,20,8.95,few clouds
104,Curup,ID,2022-11-29 19:30:16,-3.4667,102.5333,67.98,97,100,1.79,overcast clouds
105,Alappuzha,IN,2022-11-29 19:33:16,9.49,76.3264,78.03,82,60,1.1,broken clouds
106,Vangaindrano,MG,2022-11-29 19:33:16,-23.35,47.6,73.76,92,90,3.02,light rain
107,Apollonia,GR,2022-11-29 19:33:17,36.9716,24.7231,54.99,79,99,9.06,overcast clouds
108,Asfi,MA,2022-11-29 19:33:18,32.2994,-9.2372,61.07,65,6,16.67,clear sky
109,Zhezkazgan,KZ,2022-11-29 19:33:19,47.8043,67.7144,19.44,61,100,13.33,overcast clouds
110,Puerto Del Rosario,ES,2022-11-29 19:33:19,28.5004,-13.8627,69.55,73,75,14.97,broken clouds
111,Batagay,RU,2022-11-29 19:33:21,67.6333,134.6333,-29.13,96,100,0.98,overcast clouds
112,Tiksi,RU,2022-11-29 19:33:23,71.6872,128.8694,-30.01,99,54,4.18,broken clouds
113,Kaitangata,NZ,2022-11-29 19:33:24,-46.2817,169.8464,53.8,95,100,5.21,moderate rain
114,Salalah,OM,2022-11-29 19:33:03,17.0151,54.0924,78.89,78,40,3.44,scattered clouds
115,Fortuna,US,2022-11-29 19:28:51,40.5982,-124.1573,48.92,84,0,1.01,clear sky
116,Yulara,AU,2022-11-29 19:33:27,-25.2406,130.9889,65.43,33,0,9.08,clear sky
117,Corumba,BR,2022-11-29 19:33:28,-19.0092,-57.6533,98.51,23,75,6.91,broken clouds
118,Hilo,US,2022-11-29 19:33:28,19.7297,-155.09,77.61,84,20,7.0,few clouds
119,Katsuura,JP,2022-11-29 19:33:28,35.1333,140.3,71.62,92,100,17.78,overcast clouds
120,Effingham,US,2022-11-29 19:32:25,32.3669,-81.3332,75.15,57,1,4.43,clear sky
121,Kangaba,ML,2022-11-29 19:33:29,11.9333,-8.4167,79.14,23,90,4.25,overcast clouds
122,Puerto Cabezas,NI,2022-11-29 19:33:29,14.0351,-83.3888,85.96,70,75,11.5,broken clouds
123,Saurimo,AO,2022-11-29 19:33:30,-9.6608,20.3916,63.41,99,100,4.16,overcast clouds
124,Atuona,PF,2022-11-29 19:33:30,-9.8,-139.0333,77.76,73,28,16.11,scattered clouds
125,Pampa,US,2022-11-29 19:33:30,35.5362,-100.9599,42.84,56,0,19.57,clear sky
126,Terrasini,IT,2022-11-29 19:33:31,38.146,13.0844,55.22,84,75,2.3,broken clouds
127,Dingle,PH,2022-11-29 19:32:33,10.9995,122.6711,75.51,92,20,7.67,few clouds
128,Severo-Kurilsk,RU,2022-11-29 19:33:31,50.6789,156.125,35.67,96,100,23.71,moderate rain
129,Kieta,PG,2022-11-29 19:33:32,-6.2167,155.6333,79.03,85,92,3.87,light rain
130,Basoko,CD,2022-11-29 19:33:32,1.2391,23.616,73.29,86,100,2.17,overcast clouds
131,Tukums,LV,2022-11-29 19:33:32,56.9669,23.1553,33.15,99,88,4.54,overcast clouds
132,Havoysund,NO,2022-11-29 19:33:33,70.9963,24.6622,37.63,82,100,14.14,overcast clouds
133,New Norfolk,AU,2022-11-29 19:33:33,-42.7826,147.0587,54.88,67,100,1.99,overcast clouds
134,Hays,US,2022-11-29 19:33:33,30.0502,-98.0336,82.08,62,2,3.0,clear sky
135,Khandbari,NP,2022-11-29 19:33:34,27.3747,87.2039,56.44,71,4,3.22,clear sky
136,Huarmey,PE,2022-11-29 19:33:34,-10.0681,-78.1522,72.7,71,69,9.35,broken clouds
137,Garhakota,IN,2022-11-29 19:33:34,23.7667,79.15,58.39,53,97,3.56,overcast clouds
138,Kavieng,PG,2022-11-29 19:33:35,-2.5744,150.7967,82.04,68,98,3.98,overcast clouds
139,Kayerkan,RU,2022-11-29 19:34:35,69.3497,87.7602,-11.61,99,94,5.39,overcast clouds
140,Nadym,RU,2022-11-29 19:34:36,65.5333,72.5167,6.75,97,98,5.75,overcast clouds
141,Pevek,RU,2022-11-29 19:34:36,69.7008,170.3133,6.04,97,99,3.0,overcast clouds
142,Bendigo,AU,2022-11-29 19:34:36,-36.7667,144.2833,49.86,50,9,4.47,clear sky
143,Quelimane,MZ,2022-11-29 19:34:37,-17.8786,36.8883,75.15,88,75,4.61,thunderstorm
144,Inuvik,CA,2022-11-29 19:34:37,68.3499,-133.7218,-15.84,76,100,2.3,light snow
145,Kahului,US,2022-11-29 19:34:37,20.8947,-156.47,79.84,83,0,4.61,clear sky
146,Alta Floresta,BR,2022-11-29 19:33:59,-9.8756,-56.0861,85.82,62,40,8.05,scattered clouds
147,Lagoa,PT,2022-11-29 19:34:38,39.05,-27.9833,62.49,83,100,13.11,overcast clouds
148,Yar-Sale,RU,2022-11-29 19:34:38,66.8333,70.8333,0.12,100,94,2.93,overcast clouds
149,Roseburg,US,2022-11-29 19:34:39,43.2165,-123.3417,44.35,79,20,3.44,few clouds
150,Marshall,US,2022-11-29 19:34:38,34.3834,-86.3333,71.35,54,0,10.36,clear sky
151,Merrill,US,2022-11-29 19:32:08,45.1805,-89.6835,38.97,98,100,5.75,drizzle
152,Port Alfred,ZA,2022-11-29 19:34:39,-33.5906,26.891,67.17,88,30,1.99,scattered clouds
153,Fort Nelson,CA,2022-11-29 19:34:41,58.8053,-122.7002,-15.21,76,75,3.44,broken clouds
154,Ust-Ishim,RU,2022-11-29 19:34:41,57.6935,71.1665,-5.84,93,61,4.21,broken clouds
155,Teguldet,RU,2022-11-29 19:34:41,57.3064,88.1667,-11.38,98,99,3.65,overcast clouds
156,Hasaki,JP,2022-11-29 19:34:42,35.7333,140.8333,63.28,86,100,6.06,overcast clouds
157,Omemee,CA,2022-11-29 19:34:42,44.299,-78.5599,39.69,76,100,6.91,overcast clouds
158,Pozo Colorado,PY,2022-11-29 19:34:42,-23.4923,-58.7972,99.73,20,23,9.64,few clouds
159,Kodiak,US,2022-11-29 19:31:17,57.79,-152.4072,29.71,55,0,13.8,clear sky
160,Bathsheba,BB,2022-11-29 19:34:43,13.2167,-59.5167,75.81,94,75,20.71,broken clouds
161,Onguday,RU,2022-11-29 19:34:43,50.75,86.15,-16.76,96,35,1.79,scattered clouds
162,Medvezhyegorsk,RU,2022-11-29 19:33:53,62.9167,34.4667,18.0,99,100,1.36,overcast clouds
163,Poum,NC,2022-11-29 19:34:44,-20.2333,164.0167,81.41,81,57,12.5,broken clouds
164,Ouadda,CF,2022-11-29 19:34:44,8.0777,22.4007,76.64,35,100,1.63,overcast clouds
165,Beloha,MG,2022-11-29 19:34:45,-25.1667,45.05,71.92,77,100,4.05,overcast clouds
166,Broome,US,2022-11-29 19:34:45,42.2506,-75.833,44.1,70,100,6.91,overcast clouds
167,Torres,BR,2022-11-29 19:34:46,-29.3353,-49.7269,72.82,90,44,8.7,scattered clouds
168,Ust-Ilimsk,RU,2022-11-29 19:31:03,58.0006,102.6619,-2.02,96,100,7.4,overcast clouds
169,Oktyabrskoye,RU,2022-11-29 19:34:46,43.0645,44.7417,30.34,100,99,15.66,overcast clouds
170,Makungu,TZ,2022-11-29 19:34:46,-8.7333,35.2833,64.58,64,83,2.1,broken clouds
171,Hithadhoo,MV,2022-11-29 19:34:47,-0.6,73.0833,81.48,73,98,8.72,overcast clouds
172,Banjarmasin,ID,2022-11-29 19:34:47,-3.3244,114.591,75.34,92,85,1.7,overcast clouds
173,Monte Escobedo,MX,2022-11-29 19:34:47,22.3,-103.5833,68.52,25,37,10.45,scattered clouds
174,Vaitape,PF,2022-11-29 19:32:16,-16.5167,-151.75,79.23,77,16,13.27,light rain
175,Amnat Charoen,TH,2022-11-29 19:34:48,15.9167,104.75,81.61,65,100,3.74,overcast clouds
176,Provideniya,RU,2022-11-29 19:34:48,64.3833,-173.3,29.84,99,100,5.55,light snow
177,Geraldton,AU,2022-11-29 19:31:28,-28.7667,114.6,70.21,88,100,9.22,overcast clouds
178,Ueda,JP,2022-11-29 19:34:49,36.4,138.2667,59.0,98,100,4.54,overcast clouds
179,Parksville,CA,2022-11-29 19:34:49,49.3163,-124.3195,31.64,86,100,33.38,light snow
180,Lebu,CL,2022-11-29 19:34:50,-37.6167,-73.65,61.0,81,99,14.54,overcast clouds
181,Davila,PH,2022-11-29 19:34:50,18.4726,120.5763,80.78,80,0,3.76,clear sky
182,Maneadero,MX,2022-11-29 19:33:45,31.7167,-116.5667,63.1,70,23,3.0,few clouds
183,Zhigansk,RU,2022-11-29 19:34:51,66.7697,123.3711,-43.11,99,55,3.38,broken clouds
184,Aitape,PG,2022-11-29 19:34:35,-3.1374,142.3475,76.73,89,98,3.51,overcast clouds
185,Souillac,MU,2022-11-29 19:35:51,-20.5167,57.5167,73.78,83,40,4.61,scattered clouds
186,Cayenne,GF,2022-11-29 19:35:10,4.9333,-52.3333,75.24,94,75,3.44,broken clouds
187,Sitka,US,2022-11-29 19:32:31,57.0531,-135.33,26.49,43,20,9.22,few clouds
188,Honiara,SB,2022-11-29 19:35:52,-9.4333,159.95,79.39,85,100,1.19,overcast clouds
189,Husavik,IS,2022-11-29 19:32:37,66.0449,-17.3389,33.69,76,76,14.72,broken clouds
190,Koryazhma,RU,2022-11-29 19:35:52,61.3143,47.1691,11.34,97,80,2.55,broken clouds
191,Port Blair,IN,2022-11-29 19:35:52,11.6667,92.75,79.65,83,36,4.7,scattered clouds
192,Ambulu,ID,2022-11-29 19:35:53,-8.345,113.6058,77.09,87,100,3.33,overcast clouds
193,Tran,BG,2022-11-29 19:35:53,42.8353,22.6517,37.98,99,100,3.13,overcast clouds
194,Port Elizabeth,ZA,2022-11-29 19:34:32,-33.918,25.5701,73.09,84,0,6.91,clear sky
195,Saint-Philippe,RE,2022-11-29 19:35:54,-21.3585,55.7679,76.59,79,98,4.43,overcast clouds
196,Carnarvon,AU,2022-11-29 19:35:54,-24.8667,113.6333,70.05,86,0,13.35,clear sky
197,Mount Isa,AU,2022-11-29 19:31:09,-20.7333,139.5,76.77,22,75,16.11,broken clouds
198,Touros,BR,2022-11-29 19:35:54,-5.1989,-35.4608,79.59,72,72,11.65,broken clouds
199,Roald,NO,2022-11-29 19:35:55,62.5833,6.1333,45.0,70,75,8.05,light rain
200,Port Lincoln,AU,2022-11-29 19:35:55,-34.7333,135.8667,56.05,78,61,6.87,broken clouds
201,Sao Filipe,CV,2022-11-29 19:35:56,14.8961,-24.4956,76.17,65,0,8.66,clear sky
202,Ilulissat,GL,2022-11-29 19:35:56,69.2167,-51.1,26.62,68,75,10.36,broken clouds
203,Khatanga,RU,2022-11-29 19:35:56,71.9667,102.5,3.67,93,100,10.89,overcast clouds
204,Camacari,BR,2022-11-29 19:35:57,-12.6975,-38.3242,80.37,77,96,6.33,light rain
205,Upernavik,GL,2022-11-29 19:35:57,72.7868,-56.1549,4.15,94,100,14.16,overcast clouds
206,Sigayevo,RU,2022-11-29 19:35:57,56.4216,53.7757,3.97,98,96,2.73,overcast clouds
207,Nisia Floresta,BR,2022-11-29 19:35:58,-6.0911,-35.2086,85.01,69,95,11.83,overcast clouds
208,Hualmay,PE,2022-11-29 19:35:58,-11.0964,-77.6139,72.19,72,18,10.45,few clouds
209,Manggar,ID,2022-11-29 19:35:58,-2.8833,108.2667,78.42,87,99,5.37,overcast clouds
210,Narsaq,GL,2022-11-29 19:35:59,60.9167,-46.05,32.22,90,100,2.53,overcast clouds
211,Sinnamary,GF,2022-11-29 19:35:59,5.3833,-52.95,78.75,86,85,10.22,overcast clouds
212,Khor,RU,2022-11-29 19:35:59,47.8861,134.9464,2.25,83,100,17.47,overcast clouds
213,Kiunga,PG,2022-11-29 19:36:00,-6.1219,141.2906,71.58,99,100,2.04,overcast clouds
214,Nikolskoye,RU,2022-11-29 19:36:00,59.7035,30.7861,28.29,92,100,5.17,overcast clouds
215,Elk City,US,2022-11-29 19:36:01,35.412,-99.4043,50.22,46,0,19.57,clear sky
216,Balti,MD,2022-11-29 19:36:01,47.7617,27.9289,37.85,90,100,5.61,overcast clouds
217,Serta,PT,2022-11-29 19:33:06,39.8085,-8.0988,50.95,86,79,3.4,broken clouds
218,Klaksvik,FO,2022-11-29 19:36:01,62.2266,-6.589,41.92,85,100,7.99,overcast clouds
219,Haines Junction,CA,2022-11-29 19:36:02,60.7522,-137.5108,1.35,55,41,2.3,scattered clouds
220,Buala,SB,2022-11-29 19:36:02,-8.145,159.5921,79.18,83,100,3.74,moderate rain
221,Mtwara,TZ,2022-11-29 19:36:03,-10.2667,40.1833,78.13,83,20,9.22,few clouds
222,Tuatapere,NZ,2022-11-29 19:36:03,-46.1333,167.6833,54.01,89,90,4.72,overcast clouds
223,Kununurra,AU,2022-11-29 19:36:03,-15.7667,128.7333,76.98,94,98,0.0,overcast clouds
224,Russell,US,2022-11-29 19:36:04,32.3502,-85.1999,72.55,56,40,8.05,scattered clouds
225,Luderitz,NA,2022-11-29 19:36:04,-26.6481,15.1594,62.55,84,14,7.87,few clouds
226,Yuli,NG,2022-11-29 19:36:04,9.6989,10.2744,74.26,26,5,5.68,clear sky
227,Grand Haven,US,2022-11-29 19:36:05,43.0631,-86.2284,56.01,72,100,17.27,overcast clouds
228,Ribeira Grande,PT,2022-11-29 19:36:05,38.5167,-28.7,64.8,88,75,11.5,broken clouds
229,Buraydah,SA,2022-11-29 19:33:20,26.326,43.975,72.05,25,100,12.73,overcast clouds
230,Gamba,GA,2022-11-29 19:36:06,-2.65,10.0,76.03,88,75,2.24,broken clouds
231,Bara,NG,2022-11-29 19:34:50,10.3744,10.7288,73.26,26,29,7.74,scattered clouds
232,Oga,IT,2022-11-29 19:32:40,46.4631,10.347,30.88,98,100,3.74,overcast clouds
233,Sambava,MG,2022-11-29 19:37:08,-14.2667,50.1667,73.17,86,0,4.5,clear sky
234,Wahiawa,US,2022-11-29 19:37:09,21.5028,-158.0236,80.37,63,0,0.0,clear sky
235,Tonantins,BR,2022-11-29 19:37:10,-2.8731,-67.8022,91.76,48,100,5.28,overcast clouds
236,Copala,MX,2022-11-29 19:37:10,16.65,-98.9833,84.49,60,100,5.5,overcast clouds
237,Tawang,IN,2022-11-29 19:37:12,27.5833,91.8667,35.71,55,0,6.44,clear sky
238,Llangefni,GB,2022-11-29 19:37:12,53.2556,-4.3106,48.11,90,40,6.91,scattered clouds
239,Bhadasar,IN,2022-11-29 19:37:13,28.2833,74.3167,61.63,25,100,2.15,overcast clouds
240,Esperance,AU,2022-11-29 19:37:14,-33.8667,121.9,61.16,71,8,17.85,clear sky
241,Saldanha,ZA,2022-11-29 19:37:14,-33.0117,17.9442,63.12,94,0,4.18,clear sky
242,Beringovskiy,RU,2022-11-29 19:37:15,63.05,179.3167,29.23,96,100,7.07,overcast clouds
243,Adrar,MR,2022-11-29 19:37:15,20.5022,-10.0711,68.52,17,0,9.26,clear sky
244,Arlit,NE,2022-11-29 19:37:16,18.7369,7.3853,72.93,20,7,6.08,clear sky
245,Kalabo,ZM,2022-11-29 19:37:16,-14.97,22.6814,69.91,72,84,4.21,broken clouds
246,Fairbanks,US,2022-11-29 19:36:17,64.8378,-147.7164,-12.41,78,0,0.0,clear sky
247,Sorland,NO,2022-11-29 19:37:17,67.667,12.6934,40.86,69,100,16.06,overcast clouds
248,Axim,GH,2022-11-29 19:37:17,4.8699,-2.2405,79.27,79,49,5.39,scattered clouds
249,Burnie,AU,2022-11-29 19:37:18,-41.0667,145.9167,52.95,86,75,8.57,broken clouds
250,Henties Bay,NA,2022-11-29 19:37:19,-22.116,14.2845,60.17,80,33,8.14,scattered clouds
251,Acari,PE,2022-11-29 19:37:19,-15.4311,-74.6158,74.26,72,86,9.33,overcast clouds
252,Luganville,VU,2022-11-29 19:37:20,-15.5333,167.1667,82.0,76,57,2.33,broken clouds
253,Adre,TD,2022-11-29 19:37:20,13.4667,22.2,73.81,24,53,8.63,broken clouds
254,Svit,SK,2022-11-29 19:37:21,49.0601,20.2069,30.11,93,0,6.91,clear sky
255,Cidreira,BR,2022-11-29 19:37:21,-30.1811,-50.2056,72.81,83,13,15.12,few clouds
256,Buta,CD,2022-11-29 19:37:22,2.7858,24.73,70.11,97,80,2.57,moderate rain
257,Taltal,CL,2022-11-29 19:37:22,-25.4,-70.4833,65.66,72,32,5.77,scattered clouds
258,Nantucket,US,2022-11-29 19:36:47,41.2835,-70.0995,48.0,78,95,2.8,overcast clouds
259,Berestechko,UA,2022-11-29 19:37:24,50.3605,25.1107,33.01,99,100,5.57,overcast clouds
260,Sao Joao Da Barra,BR,2022-11-29 19:37:24,-21.6403,-41.0511,75.29,90,98,18.3,overcast clouds
261,Pisco,PE,2022-11-29 19:37:25,-13.7,-76.2167,72.01,78,0,9.22,clear sky
262,Shimoda,JP,2022-11-29 19:37:25,34.6667,138.95,66.11,86,40,14.63,scattered clouds
263,Cozumel,MX,2022-11-29 19:37:26,20.5083,-86.9458,86.07,67,75,12.66,broken clouds
264,Rio Grande,BR,2022-11-29 19:37:27,-32.035,-52.0986,82.51,72,10,15.35,clear sky
265,Porto Novo,BJ,2022-11-29 19:37:27,6.4965,2.6036,82.22,80,100,6.91,overcast clouds
266,Bagdarin,RU,2022-11-29 19:37:28,54.4333,113.6,-23.85,89,39,4.76,scattered clouds
267,Bubaque,GW,2022-11-29 19:37:28,11.2833,-15.8333,81.18,59,72,9.06,broken clouds
268,Sabinas Hidalgo,MX,2022-11-29 19:37:29,26.5,-100.1667,86.76,26,2,3.29,clear sky
269,Necochea,AR,2022-11-29 19:37:29,-38.5473,-58.7368,82.31,47,100,8.59,overcast clouds
270,Kolpashevo,RU,2022-11-29 19:37:29,58.3131,82.9089,-19.89,99,44,3.38,scattered clouds
271,Sale,MA,2022-11-29 19:37:30,34.0389,-6.8166,57.74,87,0,3.44,clear sky
272,Gazanjyk,TM,2022-11-29 19:37:30,39.2446,55.5154,51.89,74,26,5.93,scattered clouds
273,Hofn,IS,2022-11-29 19:37:31,64.2539,-15.2082,41.5,88,100,7.67,overcast clouds
274,Gillette,US,2022-11-29 19:37:31,44.2911,-105.5022,13.1,73,100,12.66,overcast clouds
275,Marsh Harbour,BS,2022-11-29 19:35:47,26.5412,-77.0636,77.2,70,11,16.73,few clouds
276,Tura,IN,2022-11-29 19:33:58,25.5198,90.2201,62.01,86,0,3.42,clear sky
277,Carai,BR,2022-11-29 19:38:32,-17.1889,-41.6947,73.53,88,86,2.66,overcast clouds
278,Flin Flon,CA,2022-11-29 19:38:32,54.7682,-101.865,4.84,66,100,19.57,light snow
279,Concarneau,FR,2022-11-29 19:38:32,47.875,-3.9225,48.99,78,100,5.7,overcast clouds
280,Saskylakh,RU,2022-11-29 19:38:33,71.9167,114.0833,-26.91,100,88,7.23,overcast clouds
281,Mamaku,NZ,2022-11-29 19:38:33,-38.1,176.0833,58.39,96,100,6.6,overcast clouds
282,Matagami,CA,2022-11-29 19:38:34,49.7502,-77.6328,23.11,74,0,16.11,clear sky
283,Chuy,UY,2022-11-29 19:38:34,-33.6971,-53.4616,74.44,61,3,14.27,clear sky
284,Atchison,US,2022-11-29 19:38:34,39.563,-95.1216,35.58,80,97,19.91,overcast clouds
285,Talaya,RU,2022-11-29 19:38:35,61.3833,152.75,-30.42,100,94,2.15,overcast clouds
286,Champerico,GT,2022-11-29 19:38:35,14.3,-91.9167,91.94,72,97,5.84,moderate rain
287,Ullapool,GB,2022-11-29 19:38:35,57.8987,-5.1604,37.35,84,94,4.94,overcast clouds
288,Tucuman,AR,2022-11-29 19:38:36,-26.8241,-65.2226,95.0,31,75,13.8,broken clouds
289,Longyearbyen,SJ,2022-11-29 19:38:36,78.2186,15.6401,42.64,75,40,14.97,light rain
290,Bongaree,AU,2022-11-29 19:38:36,-27.0797,153.1586,75.22,74,100,21.63,overcast clouds
291,Skjervoy,NO,2022-11-29 19:38:37,70.0311,20.9714,33.8,66,85,9.53,overcast clouds
292,Turayf,SA,2022-11-29 19:38:37,31.6725,38.6637,52.05,100,75,3.44,broken clouds
293,Kabinda,CD,2022-11-29 19:38:37,-6.1333,24.4833,64.29,98,100,3.2,overcast clouds
294,Coronel Bogado,PY,2022-11-29 19:38:38,-27.1833,-56.3,91.89,36,10,4.16,clear sky
295,Zhuhai,CN,2022-11-29 19:38:38,22.2769,113.5678,76.86,94,20,0.0,few clouds
296,Honningsvag,NO,2022-11-29 19:38:38,70.9821,25.9704,37.15,81,100,12.66,overcast clouds
297,Nexo,DK,2022-11-29 19:38:39,55.0607,15.1306,39.29,77,100,15.7,overcast clouds
298,Trincomalee,LK,2022-11-29 19:38:39,8.5711,81.2335,78.21,71,19,6.76,few clouds
299,Akyab,MM,2022-11-29 19:38:39,20.15,92.9,77.11,86,14,5.41,few clouds
300,Vicksburg,US,2022-11-29 19:36:36,32.3526,-90.8779,78.53,83,100,18.41,overcast clouds
301,Songea,TZ,2022-11-29 19:38:40,-10.6833,35.65,74.55,57,20,5.75,few clouds
302,Jiexiu,CN,2022-11-29 19:38:40,37.0244,111.9125,15.84,13,97,6.15,overcast clouds
303,Dauriya,RU,2022-11-29 19:38:41,49.9333,116.8667,-14.37,90,45,10.83,scattered clouds
304,Vanavara,RU,2022-11-29 19:38:41,60.34,102.2797,-6.65,98,98,5.77,overcast clouds
305,Hambantota,LK,2022-11-29 19:38:41,6.1241,81.1185,75.56,83,99,11.39,overcast clouds
306,San Jose,US,2022-11-29 19:34:44,37.3394,-121.895,58.71,48,20,4.0,few clouds
307,Nkowakowa,ZA,2022-11-29 19:38:42,-23.8878,30.2871,68.09,65,63,5.06,broken clouds
308,Nome,US,2022-11-29 19:38:42,64.5011,-165.4064,14.07,73,0,12.66,clear sky
309,Clyde River,CA,2022-11-29 19:38:43,70.4692,-68.5914,-23.57,69,0,12.66,clear sky
310,Semnan,IR,2022-11-29 19:38:43,35.5729,53.3971,49.84,43,0,2.3,clear sky
311,Lavumisa,SZ,2022-11-29 19:38:43,-27.31,31.892,64.33,78,40,1.36,scattered clouds
312,Yakeshi,CN,2022-11-29 19:38:44,49.2833,120.7333,-27.13,100,74,6.6,broken clouds
313,Namibe,AO,2022-11-29 19:38:44,-15.1961,12.1522,69.8,83,98,9.69,overcast clouds
314,Airai,TL,2022-11-29 19:38:44,-8.9266,125.4092,59.9,94,86,0.56,overcast clouds
315,Vila Do Maio,CV,2022-11-29 19:38:45,15.1333,-23.2167,77.79,67,1,14.58,clear sky
316,Bireun,ID,2022-11-29 19:38:45,5.203,96.7009,77.34,83,100,3.06,overcast clouds
317,Lavrentiya,RU,2022-11-29 19:38:46,65.5833,-171.0,26.76,97,100,10.07,light snow
318,Vuktyl,RU,2022-11-29 19:38:46,63.8567,57.3094,4.23,97,100,3.4,overcast clouds
319,Sisimiut,GL,2022-11-29 19:38:46,66.9395,-53.6735,20.25,89,99,13.69,overcast clouds
320,Phuket,TH,2022-11-29 19:39:47,8.0,98.25,86.13,94,20,2.3,few clouds
321,Elizabeth City,US,2022-11-29 19:39:47,36.2946,-76.2511,62.02,56,0,4.61,clear sky
322,Port Macquarie,AU,2022-11-29 19:38:51,-31.4333,152.9167,61.9,63,42,5.79,scattered clouds
323,Majene,ID,2022-11-29 19:39:47,-3.5403,118.9707,79.16,81,100,5.48,overcast clouds
324,Praia,CV,2022-11-29 19:39:48,14.9215,-23.5087,77.54,69,75,13.8,broken clouds
325,Talnakh,RU,2022-11-29 19:39:48,69.4865,88.3972,-14.85,99,89,6.62,overcast clouds
326,Abdanan,IR,2022-11-29 19:39:49,32.9926,47.4198,63.63,46,100,1.81,overcast clouds
327,Palana,RU,2022-11-29 19:39:49,59.1167,159.9667,10.4,82,46,9.42,scattered clouds
328,Meulaboh,ID,2022-11-29 19:39:49,4.1363,96.1285,75.61,90,99,4.07,overcast clouds
329,Tornio,FI,2022-11-29 19:39:50,65.8481,24.1466,30.22,87,100,10.38,overcast clouds
330,Chukhloma,RU,2022-11-29 19:39:50,58.7525,42.6825,8.4,96,21,2.08,few clouds
331,Saint-Pierre,RE,2022-11-29 19:39:50,-21.3393,55.4781,76.68,69,75,3.44,broken clouds
332,Novyy Urengoy,RU,2022-11-29 19:37:35,66.0833,76.6333,4.44,97,97,4.79,overcast clouds
333,Borovskoy,KZ,2022-11-29 19:39:51,53.8,64.15,-4.9,92,21,5.17,few clouds
334,Koungou,YT,2022-11-29 19:39:51,-12.7336,45.2042,78.51,78,20,5.75,few clouds
335,Launceston,AU,2022-11-29 19:39:52,-41.45,147.1667,52.81,89,13,8.05,few clouds
336,Nador,MA,2022-11-29 19:39:52,35.174,-2.9287,57.45,67,0,4.61,clear sky
337,Ponta Do Sol,PT,2022-11-29 19:39:52,32.6667,-17.1,66.0,60,24,3.31,few clouds
338,Pandhurna,IN,2022-11-29 19:39:53,21.6,78.5167,60.96,48,2,3.91,clear sky
339,Zyryanovsk,KZ,2022-11-29 19:39:53,49.7386,84.2719,-28.64,97,13,1.88,few clouds
340,Ferme-Neuve,CA,2022-11-29 19:39:53,46.7001,-75.4493,31.33,61,100,5.1,overcast clouds
341,Hollins,US,2022-11-29 19:39:54,37.3413,-79.9431,59.59,59,40,9.22,scattered clouds
342,Margate,GB,2022-11-29 19:37:01,51.3813,1.3862,49.69,89,99,1.01,overcast clouds
343,Mabaruma,GY,2022-11-29 19:39:54,8.2,-59.7833,76.44,95,100,5.66,overcast clouds
344,Agadir,MA,2022-11-29 19:39:55,30.4202,-9.5982,63.05,68,0,3.62,clear sky
345,Rapid Valley,US,2022-11-29 19:39:55,44.0625,-103.1463,28.76,35,0,27.63,clear sky
346,Aripuana,BR,2022-11-29 19:39:56,-9.1667,-60.6333,91.63,43,86,2.35,overcast clouds
347,Tazovskiy,RU,2022-11-29 19:39:56,67.4667,78.7,-0.42,99,86,4.21,overcast clouds
348,Sadiqabad,PK,2022-11-29 19:39:56,28.3062,70.1307,64.83,20,0,4.14,clear sky
349,Murray Bridge,AU,2022-11-29 19:39:57,-35.1167,139.2667,53.33,87,15,3.09,few clouds
350,Kapit,MY,2022-11-29 19:39:57,2.0167,112.9333,73.42,100,100,2.01,overcast clouds
351,Port Hedland,AU,2022-11-29 19:39:57,-20.3167,118.5667,77.05,94,100,6.91,overcast clouds
352,Pontianak,ID,2022-11-29 19:39:58,-0.0333,109.3333,75.18,100,75,3.44,broken clouds
353,Teknaf,BD,2022-11-29 19:39:58,20.8624,92.3058,75.34,91,13,4.14,few clouds
354,Novikovo,RU,2022-11-29 19:39:58,51.1537,37.8879,23.92,70,39,11.25,scattered clouds
355,Thinadhoo,MV,2022-11-29 19:39:59,0.5333,72.9333,80.85,72,100,5.23,overcast clouds
356,Vao,NC,2022-11-29 19:39:59,-22.6667,167.4833,78.22,87,64,12.12,broken clouds
357,Grand Gaube,MU,2022-11-29 19:39:59,-20.0064,57.6608,73.8,73,43,1.99,scattered clouds
358,Soledade,BR,2022-11-29 19:40:00,-28.8183,-52.5103,72.66,62,51,10.98,broken clouds
359,Katobu,ID,2022-11-29 19:40:00,-4.9408,122.5276,74.79,96,100,2.51,overcast clouds
360,Padang,ID,2022-11-29 19:40:01,-0.9492,100.3543,77.04,88,100,2.44,overcast clouds
361,Daru,PG,2022-11-29 19:40:01,-9.0763,143.2092,76.33,89,96,7.09,overcast clouds
362,Changji,CN,2022-11-29 19:40:02,44.0167,87.3167,-3.21,71,0,2.24,clear sky
363,Ayni,TJ,2022-11-29 19:40:03,39.3941,68.5377,32.41,79,20,7.23,few clouds
364,Progreso,MX,2022-11-29 19:40:04,21.2833,-89.6667,88.11,55,11,9.91,few clouds
365,Tutoia,BR,2022-11-29 19:40:04,-2.7619,-42.2744,80.58,74,68,8.57,broken clouds
366,Tayshet,RU,2022-11-29 19:41:05,55.9342,98.0044,-2.18,84,100,10.36,overcast clouds
367,Caraballeda,VE,2022-11-29 19:41:05,10.6112,-66.8522,89.67,81,40,2.3,scattered clouds
368,Cuamba,MZ,2022-11-29 19:41:07,-14.8031,36.5372,69.3,83,100,6.35,light rain
369,Morant Bay,JM,2022-11-29 19:41:07,17.8815,-76.4093,85.62,63,6,10.16,clear sky
370,Ati,TD,2022-11-29 19:41:08,13.2154,18.3353,75.94,17,13,8.7,few clouds
371,Besleney,RU,2022-11-29 19:41:09,44.2405,41.7387,34.43,86,99,13.44,overcast clouds
372,Norman Wells,CA,2022-11-29 19:41:09,65.282,-126.8329,-38.16,67,75,0.0,broken clouds
373,Soyo,AO,2022-11-29 19:41:10,-6.1349,12.3689,77.92,83,100,3.36,moderate rain
374,Olafsvik,IS,2022-11-29 19:41:10,64.8945,-23.7142,41.94,88,100,22.79,light rain
375,Westport,US,2022-11-29 19:38:29,41.1415,-73.3579,45.09,59,0,8.05,clear sky
376,Orlik,RU,2022-11-29 19:41:11,52.5178,99.825,-19.57,91,99,3.22,overcast clouds
377,Cockburn Town,TC,2022-11-29 19:41:12,21.4612,-71.1419,80.6,74,24,15.61,few clouds
378,Yanaul,RU,2022-11-29 19:41:12,56.2719,54.9309,3.87,97,99,2.21,overcast clouds
379,Molokovo,RU,2022-11-29 19:41:12,58.1661,36.7628,9.9,95,86,4.83,overcast clouds
380,Acarau,BR,2022-11-29 19:41:13,-2.8856,-40.12,80.94,69,98,12.48,overcast clouds
381,Port Hueneme,US,2022-11-29 19:39:20,34.1478,-119.1951,67.87,53,0,10.36,clear sky
382,Monterrey,MX,2022-11-29 19:40:28,25.6667,-100.3167,90.72,48,4,3.0,clear sky
383,Tarata,BO,2022-11-29 19:41:14,-17.6167,-66.0167,81.82,45,90,12.64,overcast clouds
384,Windhoek,NA,2022-11-29 19:36:59,-22.5594,17.0832,73.11,49,79,6.91,broken clouds
385,Keti Bandar,PK,2022-11-29 19:41:15,24.1447,67.4497,73.87,24,0,8.63,clear sky
386,Codrington,AU,2022-11-29 19:41:15,-38.2667,141.9667,50.7,90,63,5.06,broken clouds
387,Cape Coast,GH,2022-11-29 19:41:16,5.1053,-1.2466,80.01,80,83,7.81,broken clouds
388,Zyryanka,RU,2022-11-29 19:41:16,65.75,150.85,-18.98,98,100,6.24,overcast clouds
389,Lindi,TZ,2022-11-29 19:41:17,-10.0,39.7167,75.47,88,49,3.83,scattered clouds
390,Grande Riviere Du Nord,HT,2022-11-29 19:41:17,19.5833,-72.1833,79.88,68,88,8.81,overcast clouds
391,Tecoanapa,MX,2022-11-29 19:41:17,16.5167,-98.75,83.52,64,100,7.58,overcast clouds
392,Vila Franca Do Campo,PT,2022-11-29 19:41:18,37.7167,-25.4333,66.2,91,72,5.82,broken clouds
393,Bayangol,RU,2022-11-29 19:41:18,50.6977,103.4656,-20.52,97,57,2.98,broken clouds
394,Kaeo,NZ,2022-11-29 19:41:18,-35.1,173.7833,65.32,96,18,8.95,few clouds
395,Sembe,CG,2022-11-29 19:41:19,1.6481,14.5806,70.23,96,91,2.75,overcast clouds
396,Berlevag,NO,2022-11-29 19:41:19,70.8578,29.0864,35.6,80,40,17.27,scattered clouds
397,Novovarshavka,RU,2022-11-29 19:41:20,54.1721,74.6946,-0.65,82,100,6.98,overcast clouds
398,La Paz,BO,2022-11-29 19:38:38,-16.5,-68.15,60.78,28,40,11.5,scattered clouds
399,Marawi,PH,2022-11-29 19:41:20,7.9986,124.2928,67.69,94,100,1.57,overcast clouds
400,Urucui,BR,2022-11-29 19:41:21,-7.2294,-44.5561,72.55,96,100,4.0,overcast clouds
401,Malur,IN,2022-11-29 19:41:21,13.0075,77.9378,66.16,91,8,4.32,clear sky
402,Pangnirtung,CA,2022-11-29 19:41:22,66.1451,-65.7125,1.4,85,100,12.66,light snow
403,Tateyama,JP,2022-11-29 19:41:22,34.9833,139.8667,64.09,88,79,18.99,broken clouds
404,Olinda,BR,2022-11-29 19:41:22,-8.0089,-34.8553,80.33,69,75,10.36,broken clouds
405,Sioux Lookout,CA,2022-11-29 19:41:23,50.1001,-91.917,23.07,63,75,6.91,broken clouds
406,Deputatskiy,RU,2022-11-29 19:41:23,69.3,139.9,-19.19,99,100,2.44,overcast clouds
407,Udachnyy,RU,2022-11-29 19:41:24,66.4167,112.4,-2.56,76,100,12.75,light snow
408,Marsa Matruh,EG,2022-11-29 19:41:25,31.3525,27.2453,61.0,72,0,0.0,clear sky
409,Gigmoto,PH,2022-11-29 19:41:25,13.7796,124.39,80.96,82,51,9.57,broken clouds
410,Chandler,US,2022-11-29 19:41:26,33.3062,-111.8412,67.64,46,0,3.44,clear sky
411,Ostersund,SE,2022-11-29 19:41:26,63.1792,14.6357,33.62,100,100,8.05,overcast clouds
412,Teya,RU,2022-11-29 19:41:26,60.3778,92.6267,-19.91,100,96,2.8,overcast clouds
413,Pavlogradka,RU,2022-11-29 19:42:27,54.2024,73.5592,-0.4,83,100,8.25,overcast clouds
414,Fare,PF,2022-11-29 19:42:27,-16.7,-151.0167,79.07,77,5,13.18,light rain
415,Rorvik,NO,2022-11-29 19:42:27,64.8621,11.2373,39.31,65,20,11.5,few clouds
416,Paranhos,BR,2022-11-29 19:42:28,-23.8928,-55.4311,81.3,51,91,1.23,overcast clouds
417,Sagae,JP,2022-11-29 19:42:28,38.3725,140.2725,54.52,95,100,1.9,overcast clouds
418,Ilheus,BR,2022-11-29 19:42:29,-14.7889,-39.0494,80.42,89,75,5.75,broken clouds
419,Show Low,US,2022-11-29 19:42:29,34.2542,-110.0298,48.49,49,0,14.97,clear sky
420,Huilong,CN,2022-11-29 19:42:29,31.8111,121.655,42.93,69,100,23.35,overcast clouds
421,Baryshivka,UA,2022-11-29 19:42:30,50.361,31.3217,32.43,70,100,9.53,overcast clouds
422,Hami,CN,2022-11-29 19:42:30,42.8,93.45,9.25,22,0,4.25,clear sky
423,Itanagar,IN,2022-11-29 19:42:30,27.1,93.6167,60.12,54,6,4.12,clear sky
424,Kuching,MY,2022-11-29 19:42:31,1.55,110.3333,81.01,96,40,1.14,scattered clouds
425,Mareeba,AU,2022-11-29 19:42:31,-17.0,145.4333,71.44,97,69,1.86,broken clouds
426,Lubango,AO,2022-11-29 19:42:31,-14.9172,13.4925,63.37,84,100,7.4,light rain
427,Harper,LR,2022-11-29 19:41:01,4.375,-7.7169,78.17,83,9,4.18,clear sky
428,Eastlake,US,2022-11-29 19:42:32,41.6539,-81.4504,52.88,72,100,12.66,overcast clouds
429,Morehead,US,2022-11-29 19:42:32,37.2711,-87.1764,61.95,82,100,12.66,heavy intensity rain
430,Churapcha,RU,2022-11-29 19:42:33,62.0025,132.4325,-35.43,96,100,4.83,overcast clouds
431,Vila Velha,BR,2022-11-29 19:39:50,-20.3297,-40.2925,75.15,83,75,12.66,broken clouds
432,Toora-Khem,RU,2022-11-29 19:42:33,52.4675,96.11,-7.87,98,100,0.76,overcast clouds
433,La Ronge,CA,2022-11-29 19:42:33,55.1001,-105.2842,3.45,60,75,14.97,broken clouds
434,Kenai,US,2022-11-29 19:42:34,60.5544,-151.2583,-12.91,77,0,3.44,clear sky
435,Le Port,RE,2022-11-29 19:42:34,-20.9373,55.2919,77.0,64,81,4.61,broken clouds
436,Luau,AO,2022-11-29 19:42:34,-10.7073,22.2247,62.04,94,94,3.85,overcast clouds
437,Port Hardy,CA,2022-11-29 19:42:35,50.6996,-127.4199,32.18,93,100,34.52,light snow
438,Roura,GF,2022-11-29 19:42:35,4.7263,-52.3274,75.11,94,75,3.44,broken clouds
439,Nouadhibou,MR,2022-11-29 19:42:35,20.931,-17.0347,67.98,68,0,12.66,clear sky
440,Victor Harbor,AU,2022-11-29 19:42:36,-35.5667,138.6167,57.99,70,47,5.59,scattered clouds
441,Atar,MR,2022-11-29 19:42:36,20.5169,-13.0499,73.15,15,0,8.93,clear sky
442,Petropavlovsk-Kamchatskiy,RU,2022-11-29 19:38:27,53.0452,158.6483,14.59,79,100,8.95,light shower snow
443,Waipawa,NZ,2022-11-29 19:38:26,-41.4122,175.5153,61.77,76,65,15.86,broken clouds
444,Nuuk,GL,2022-11-29 19:42:37,64.1835,-51.7216,29.01,93,75,12.66,broken clouds
445,Puerto Escondido,MX,2022-11-29 19:42:37,15.85,-97.0667,86.83,58,20,4.61,few clouds
446,Jaru,BR,2022-11-29 19:42:37,-10.4389,-62.4664,90.91,51,99,1.86,overcast clouds
447,Mao,ES,2022-11-29 19:41:24,39.8885,4.2658,54.16,66,40,12.66,scattered clouds
448,Tupelo,US,2022-11-29 19:42:38,34.2576,-88.7034,71.42,80,100,4.61,overcast clouds
449,Vestmannaeyjar,IS,2022-11-29 19:42:38,63.4427,-20.2734,45.55,90,100,39.26,overcast clouds
450,Ulaangom,MN,2022-11-29 19:42:39,49.9811,92.0667,-16.08,92,78,4.23,broken clouds
451,Warrnambool,AU,2022-11-29 19:42:39,-38.3833,142.4833,53.65,82,91,6.33,overcast clouds
452,Petropavlovka,RU,2022-11-29 19:42:39,50.6114,105.3196,-3.37,82,100,5.77,overcast clouds
453,Batagay-Alyta,RU,2022-11-29 19:42:40,67.8006,130.4114,-26.45,90,100,2.89,overcast clouds
454,Santa Rosa,PH,2022-11-29 19:42:40,14.3122,121.1114,80.58,86,94,6.89,overcast clouds
455,Digby,CA,2022-11-29 19:42:40,44.6169,-65.7655,36.55,52,14,6.24,few clouds
456,Tobetsu,JP,2022-11-29 19:42:41,43.2169,141.5169,39.09,68,97,19.53,overcast clouds
457,Dakar,SN,2022-11-29 19:38:02,14.6937,-17.4441,79.68,69,9,4.61,dust
458,Tottori,JP,2022-11-29 19:42:41,35.5,134.2333,56.5,73,100,10.09,overcast clouds
459,San Carlos,VE,2022-11-29 19:40:57,9.6612,-68.5827,82.06,79,95,1.72,overcast clouds
460,Lorengau,PG,2022-11-29 19:42:42,-2.0226,147.2712,81.52,74,62,7.0,broken clouds
461,Ternovka,RU,2022-11-29 19:42:42,51.678,41.6375,23.56,60,28,8.52,scattered clouds
462,Ketchikan,US,2022-11-29 19:42:42,55.3422,-131.6461,27.07,36,0,3.44,clear sky
463,La Palma,US,2022-11-29 19:43:43,33.8464,-118.0467,67.91,64,75,4.61,broken clouds
464,Maceio,BR,2022-11-29 19:42:45,-9.6658,-35.7353,80.04,78,75,11.5,moderate rain
465,Sampit,ID,2022-11-29 19:43:43,-2.5333,112.95,74.43,97,99,2.15,overcast clouds
466,Moravska Trebova,CZ,2022-11-29 19:43:45,49.7579,16.6643,36.93,79,100,3.38,overcast clouds
467,Goure,NE,2022-11-29 19:43:45,13.9835,10.2704,67.14,21,80,9.37,broken clouds
468,Radcliff,US,2022-11-29 19:43:45,37.8404,-85.9491,63.1,61,40,14.97,scattered clouds
469,Cabinda,AO,2022-11-29 19:43:46,-5.55,12.2,76.46,89,100,5.75,moderate rain
470,Mackay,AU,2022-11-29 19:40:05,-21.15,149.2,75.69,90,100,4.27,light rain
471,Navirai,BR,2022-11-29 19:43:46,-23.065,-54.1906,79.47,63,97,5.37,overcast clouds
472,Olga,RU,2022-11-29 19:43:47,43.7444,135.2892,13.01,63,100,12.39,overcast clouds
473,Namatanai,PG,2022-11-29 19:43:47,-3.6667,152.4333,80.24,76,85,2.17,overcast clouds
474,Hervey Bay,AU,2022-11-29 19:43:47,-25.2986,152.8535,71.71,89,100,19.93,moderate rain
475,Chapais,CA,2022-11-29 19:43:48,49.7834,-74.8492,19.18,89,95,6.38,overcast clouds
476,Xining,CN,2022-11-29 19:43:48,36.6167,101.7667,8.92,47,100,3.51,overcast clouds
477,Nagato,JP,2022-11-29 19:43:48,34.3833,131.2,52.41,70,100,21.18,overcast clouds
478,Behbahan,IR,2022-11-29 19:43:49,30.5959,50.2417,73.4,23,100,4.94,overcast clouds
479,Mastung,PK,2022-11-29 19:43:49,29.7994,66.845,47.59,36,0,3.69,clear sky
480,Inirida,CO,2022-11-29 19:43:49,3.8653,-67.9239,82.35,78,83,4.79,broken clouds
481,Okha,RU,2022-11-29 19:43:50,53.5739,142.9478,23.94,89,100,36.04,light snow
482,Tilichiki,RU,2022-11-29 19:43:50,60.4667,166.1,15.28,91,100,6.2,overcast clouds
483,Ayagoz,KZ,2022-11-29 19:43:50,47.9714,80.4392,-9.56,76,6,8.86,clear sky
484,Tabas,IR,2022-11-29 19:43:51,33.5959,56.9244,58.82,34,100,2.91,overcast clouds
485,San Vicente,AR,2022-11-29 19:43:51,-26.6167,-54.1333,81.66,45,43,4.27,light rain
486,The Valley,AI,2022-11-29 19:43:52,18.217,-63.0578,82.81,65,40,11.5,scattered clouds
487,Ucluelet,CA,2022-11-29 19:43:52,48.9329,-125.5528,34.09,91,100,1.99,overcast clouds
488,Whithorn,JM,2022-11-29 19:43:52,18.2604,-78.0378,85.44,59,17,1.95,few clouds
489,Sieradz,PL,2022-11-29 19:43:53,51.5958,18.7302,33.51,93,28,7.52,scattered clouds
490,Asyut,EG,2022-11-29 19:43:53,27.181,31.1837,64.58,43,0,4.65,clear sky
491,Siguiri,GN,2022-11-29 19:43:53,11.6667,-9.5,80.44,24,34,0.58,scattered clouds
492,Omboue,GA,2022-11-29 19:43:54,-1.5746,9.2618,75.83,88,99,1.19,overcast clouds
493,Maningrida,AU,2022-11-29 19:43:54,-12.0667,134.2667,74.84,89,93,5.28,light rain
494,San Pedro,PH,2022-11-29 19:43:55,14.35,121.0167,79.83,85,20,4.61,few clouds
495,Sakaraha,MG,2022-11-29 19:43:55,-22.9,44.5333,72.27,74,98,7.07,overcast clouds
496,Asuncion,PY,2022-11-29 19:40:20,-25.3007,-57.6359,92.89,36,75,9.22,broken clouds
497,Richards Bay,ZA,2022-11-29 19:43:55,-28.783,32.0377,65.32,78,0,6.02,clear sky
498,Ankang,CN,2022-11-29 19:39:37,32.68,109.0172,34.05,67,100,6.46,snow
499,Guatire,VE,2022-11-29 19:43:56,10.4762,-66.5427,82.2,78,100,4.25,overcast clouds
500,Kulaman,PH,2022-11-29 19:43:56,6.4594,124.0892,77.45,86,77,3.51,broken clouds
501,Rocha,UY,2022-11-29 19:43:57,-34.4833,-54.3333,79.34,53,8,16.31,clear sky
502,Dukat,RU,2022-11-29 19:43:57,62.55,155.55,-31.09,99,46,2.77,scattered clouds
503,Muroto,JP,2022-11-29 19:43:57,33.2833,134.15,65.95,88,99,9.26,overcast clouds
504,Tingi,TZ,2022-11-29 19:43:58,-11.3,35.0333,70.59,48,33,3.36,scattered clouds
505,Cabo San Lucas,MX,2022-11-29 19:43:27,22.8909,-109.9124,83.61,61,0,10.36,clear sky
506,Narasannapeta,IN,2022-11-29 19:43:58,18.4167,84.05,69.58,70,3,6.31,clear sky
507,Byron Bay,AU,2022-11-29 19:44:44,-28.65,153.6167,68.94,71,100,15.08,light rain
508,Yingcheng,CN,2022-11-29 19:44:58,30.95,113.55,35.85,50,100,17.78,overcast clouds
509,Banda Aceh,ID,2022-11-29 19:44:59,5.5577,95.3222,77.38,84,100,6.69,overcast clouds
510,Nizwa,OM,2022-11-29 19:44:59,22.9333,57.5333,69.21,44,3,2.06,clear sky
511,Phultala,BD,2022-11-29 19:44:59,22.7,89.5167,70.83,56,95,5.48,light rain
512,Road Town,VG,2022-11-29 19:43:46,18.4167,-64.6167,84.29,78,40,8.05,scattered clouds
513,Port Hawkesbury,CA,2022-11-29 19:45:00,45.6169,-61.3485,32.92,69,100,18.01,overcast clouds
514,Santiago De Chuco,PE,2022-11-29 19:45:00,-8.15,-78.1833,56.53,75,97,5.46,light rain
515,Lamesa,US,2022-11-29 19:45:01,32.7376,-101.951,69.53,19,0,27.98,clear sky
516,Asosa,ET,2022-11-29 19:45:01,10.0667,34.5333,69.46,47,95,3.4,overcast clouds
517,Periyanegamam,IN,2022-11-29 19:45:02,10.7333,77.1,75.7,90,87,7.14,overcast clouds
518,Dong Hoi,VN,2022-11-29 19:45:03,17.4833,106.6,77.36,92,26,6.42,scattered clouds
519,Askiz,RU,2022-11-29 19:45:04,53.1319,90.5264,-10.16,93,22,3.31,few clouds
520,Cabatuan,PH,2022-11-29 19:45:04,10.8794,122.486,75.88,90,20,10.45,few clouds
521,Panaba,MX,2022-11-29 19:45:05,21.2833,-88.2667,91.87,36,20,10.94,few clouds
522,Zhangye,CN,2022-11-29 19:45:06,38.9342,100.4517,4.08,68,68,1.39,broken clouds
523,San Ramon,US,2022-11-29 19:43:22,37.7799,-121.978,56.61,47,0,6.91,clear sky
524,Salta,AR,2022-11-29 19:45:08,-24.7859,-65.4117,90.19,33,40,9.22,scattered clouds
525,Nizhniy Kuranakh,RU,2022-11-29 19:45:10,58.8353,125.4869,-20.83,96,100,6.2,overcast clouds
526,Maxixe,MZ,2022-11-29 19:45:12,-23.8597,35.3472,73.22,64,20,5.99,few clouds
527,Waingapu,ID,2022-11-29 19:45:12,-9.6567,120.2641,77.5,80,85,4.88,overcast clouds
528,Baillif,GP,2022-11-29 19:45:13,16.0202,-61.7463,81.9,62,0,10.85,clear sky
529,Zhuanghe,CN,2022-11-29 19:45:14,39.7008,122.9911,12.06,35,0,17.05,clear sky
530,Champua,IN,2022-11-29 19:45:16,22.0833,85.6667,62.51,58,0,2.15,clear sky
531,Kontagora,NG,2022-11-29 19:45:17,10.3999,5.4695,76.64,27,3,1.3,clear sky
532,Verkhnevilyuysk,RU,2022-11-29 19:45:17,63.4453,120.3167,-32.4,99,98,4.25,overcast clouds
533,Paamiut,GL,2022-11-29 19:45:19,61.994,-49.6678,26.49,85,100,6.46,overcast clouds
534,Pimenta Bueno,BR,2022-11-29 19:45:20,-11.6725,-61.1936,95.65,33,43,5.99,scattered clouds
535,Biltine,TD,2022-11-29 19:45:21,14.5333,20.9167,76.32,18,3,6.58,clear sky
536,Lagos,NG,2022-11-29 19:45:24,6.5833,3.75,79.12,83,25,5.48,scattered clouds
537,High Level,CA,2022-11-29 19:45:01,58.5169,-117.136,-5.69,71,40,14.97,scattered clouds
538,Alofi,NU,2022-11-29 19:43:49,-19.0595,-169.9187,78.69,78,75,9.22,broken clouds
539,Moerai,PF,2022-11-29 19:45:27,-22.4333,-151.3333,74.46,78,69,15.88,broken clouds
540,Stadtbergen,DE,2022-11-29 19:45:28,48.3667,10.85,42.98,91,100,3.44,light rain
541,Van Buren,US,2022-11-29 19:45:30,35.4368,-94.3483,74.35,61,0,21.85,clear sky
542,Talcahuano,CL,2022-11-29 19:45:31,-36.7167,-73.1167,69.48,56,0,10.36,clear sky
543,Altay,CN,2022-11-29 19:45:31,47.8667,88.1167,-3.33,51,1,7.34,clear sky
544,Carutapera,BR,2022-11-29 19:45:33,-1.195,-46.02,82.18,70,100,6.49,overcast clouds
545,Innisfail,AU,2022-11-29 19:45:14,-17.5333,146.0333,75.31,89,85,2.06,overcast clouds
546,Boffa,GN,2022-11-29 19:45:35,10.1667,-14.0333,76.5,77,98,4.21,overcast clouds
547,Zagora,MA,2022-11-29 19:45:35,30.3484,-5.8365,58.42,18,0,2.73,clear sky
548,Tselinnoye,RU,2022-11-29 19:45:36,53.0833,85.6667,-14.24,94,80,3.11,broken clouds
549,Xingyi,CN,2022-11-29 19:45:36,24.1877,102.817,49.28,87,2,1.81,clear sky
550,Ixtapa,MX,2022-11-29 19:46:36,20.7,-105.2,87.93,38,24,5.84,few clouds
551,Mayo,US,2022-11-29 19:44:16,38.8876,-76.5119,53.13,63,0,5.75,clear sky
552,Leningradskiy,RU,2022-11-29 19:46:37,69.3833,178.4167,19.44,79,100,10.02,overcast clouds
553,Bilma,NE,2022-11-29 19:46:37,18.6853,12.9164,65.52,36,84,6.73,broken clouds
554,Klyuchi,RU,2022-11-29 19:46:38,52.2667,79.1667,-5.51,82,100,5.91,overcast clouds
555,Saint-Augustin,CA,2022-11-29 19:46:38,51.226,-58.6502,12.92,75,5,15.14,clear sky
556,Broken Hill,AU,2022-11-29 19:46:38,-31.95,141.4333,56.79,57,8,12.01,clear sky
557,College,US,2022-11-29 19:44:32,64.8569,-147.8028,-12.42,78,40,0.0,scattered clouds
558,Palmer,US,2022-11-29 19:46:39,42.1584,-72.3287,42.67,54,75,1.99,broken clouds
559,Omsukchan,RU,2022-11-29 19:46:39,62.5333,155.8,-29.15,98,62,3.94,broken clouds
560,Krasnoarmeysk,RU,2022-11-29 19:46:40,51.0239,45.6969,20.75,55,16,7.09,few clouds
561,General Roca,AR,2022-11-29 19:46:40,-39.0333,-67.5833,86.63,11,98,18.9,overcast clouds
562,Lamar,US,2022-11-29 19:46:41,33.6668,-95.5836,77.36,63,75,19.57,broken clouds
563,Erenhot,CN,2022-11-29 19:46:41,43.6475,111.9767,2.53,55,0,18.54,clear sky
564,Anloga,GH,2022-11-29 19:46:41,5.7947,0.8973,81.46,78,31,11.12,scattered clouds
565,Okato,NZ,2022-11-29 19:46:42,-39.2,173.8833,63.91,1,64,10.04,broken clouds
566,Cape Canaveral,US,2022-11-29 19:46:42,28.4058,-80.6048,81.19,60,0,10.36,clear sky
567,Boguchany,RU,2022-11-29 19:46:42,58.3814,97.4531,-7.4,98,99,5.61,overcast clouds
568,Lardos,GR,2022-11-29 19:46:43,36.0942,28.0157,61.95,77,40,15.59,scattered clouds
569,Nhulunbuy,AU,2022-11-29 19:46:43,-12.2333,136.7667,75.81,94,40,0.0,scattered clouds
570,Sandpoint,US,2022-11-29 19:45:11,48.2766,-116.5533,24.04,72,100,9.22,overcast clouds
571,Kruisfontein,ZA,2022-11-29 19:46:43,-34.0033,24.7314,69.89,71,22,7.52,few clouds
572,Springbok,ZA,2022-11-29 19:46:44,-29.6643,17.8865,60.84,74,0,4.32,clear sky
573,Southbridge,US,2022-11-29 19:46:44,42.0751,-72.0334,43.74,62,59,2.33,broken clouds
574,Roebourne,AU,2022-11-29 19:46:45,-20.7833,117.1333,78.89,65,1,10.18,light rain
575,Te Anau,NZ,2022-11-29 19:46:45,-45.4167,167.7167,52.68,88,99,0.94,moderate rain
576,Tamiahua,MX,2022-11-29 19:46:46,21.2667,-97.45,82.51,70,89,8.77,overcast clouds
577,Mogadishu,SO,2022-11-29 19:46:46,2.0371,45.3438,80.35,77,8,16.78,clear sky
578,Araouane,ML,2022-11-29 19:46:46,18.9048,-3.5265,73.13,15,100,8.52,overcast clouds
579,Porto Walter,BR,2022-11-29 19:46:47,-8.2686,-72.7439,99.14,25,41,4.68,scattered clouds
580,Amurzet,RU,2022-11-29 19:46:47,47.6967,131.0981,2.17,72,100,16.55,overcast clouds
581,Sonamura,IN,2022-11-29 19:46:47,23.4719,91.2664,71.94,74,30,3.15,scattered clouds
582,Kamenka,RU,2022-11-29 19:46:48,51.3223,42.7678,22.62,58,6,8.08,clear sky
583,Karratha,AU,2022-11-29 19:46:48,-20.7377,116.8463,78.06,70,17,11.68,few clouds
584,Pulandian,CN,2022-11-29 19:46:48,39.3953,121.9669,17.06,45,59,17.05,broken clouds
585,Faya,SA,2022-11-29 19:46:49,18.3851,42.4509,57.31,68,0,1.77,clear sky
586,Khorixas,NA,2022-11-29 19:46:49,-20.3667,14.9667,72.09,35,76,11.59,broken clouds
587,Gaya,IN,2022-11-29 19:46:42,24.7833,85.0,60.71,88,0,0.0,mist
588,Capinzal,BR,2022-11-29 19:46:50,-27.3436,-51.6119,73.63,82,88,6.44,overcast clouds
589,Kushmurun,KZ,2022-11-29 19:46:50,52.4503,64.6311,0.54,84,46,7.58,scattered clouds
590,Jacqueville,CI,2022-11-29 19:46:50,5.2052,-4.4146,80.71,78,99,6.22,overcast clouds
591,Dunedin,NZ,2022-11-29 19:46:51,-45.8742,170.5036,55.8,88,100,10.0,light rain
592,Bereznik,RU,2022-11-29 19:46:51,62.8551,42.7072,10.2,98,72,2.01,broken clouds
593,Muzhi,RU,2022-11-29 19:46:51,65.3667,64.6667,2.48,97,80,3.13,broken clouds
594,Altagracia De Orituco,VE,2022-11-29 19:47:52,9.8601,-66.3814,77.34,77,100,7.16,overcast clouds
595,Coquimbo,CL,2022-11-29 19:43:17,-29.9533,-71.3436,65.93,72,75,12.66,broken clouds
596,Saint Anthony,US,2022-11-29 19:47:52,45.0205,-93.218,26.65,91,100,14.97,snow
597,Masallatah,LY,2022-11-29 19:47:53,32.6167,14.0,59.86,62,100,16.35,light rain
598,Riyadh,SA,2022-11-29 19:44:52,24.6877,46.7219,68.14,29,100,7.45,overcast clouds
599,Morden,CA,2022-11-29 19:44:01,49.1919,-98.1014,26.46,68,79,11.5,broken clouds
600,Chifeng,CN,2022-11-29 19:47:53,42.2683,118.9636,5.18,33,0,12.75,clear sky
601,Jiangyou,CN,2022-11-29 19:47:53,31.7667,104.7167,44.24,59,100,2.77,overcast clouds
602,Homer,US,2022-11-29 19:46:08,59.6425,-151.5483,22.87,72,0,0.0,clear sky
603,Yerofey Pavlovich,RU,2022-11-29 19:47:54,53.9667,121.9667,-16.28,87,100,4.21,overcast clouds
604,Grimshaw,CA,2022-11-29 19:47:54,56.1834,-117.6027,-4.38,71,100,12.66,light snow
605,Kargopol,RU,2022-11-29 19:47:55,61.5071,38.9456,10.83,98,81,1.99,broken clouds
606,Potam,MX,2022-11-29 19:47:55,27.6,-110.3833,78.51,37,0,11.18,clear sky
607,Hare Bay,CA,2022-11-29 19:47:55,48.8499,-54.0148,26.2,81,67,13.04,broken clouds
608,San Joaquin,US,2022-11-29 19:47:56,37.9333,-121.3011,56.53,44,0,5.75,clear sky
609,Sagauli,IN,2022-11-29 19:47:56,26.7833,84.7333,64.89,56,66,5.19,broken clouds
610,Jucurutu,BR,2022-11-29 19:47:57,-6.0339,-37.0203,89.1,44,62,22.93,broken clouds
611,Salinopolis,BR,2022-11-29 19:47:57,-0.6136,-47.3561,81.3,75,100,8.1,light rain
612,Rodrigues Alves,BR,2022-11-29 19:47:57,-7.738,-72.6509,95.2,28,31,3.04,scattered clouds
613,Azare,NG,2022-11-29 19:47:58,11.6765,10.1948,70.41,24,72,8.16,broken clouds
614,Amapa,BR,2022-11-29 19:47:59,1.0,-52.0,79.81,79,86,4.27,overcast clouds
615,Storslett,NO,2022-11-29 19:48:00,69.7678,21.0247,33.8,69,0,9.22,clear sky
616,Isabela,PH,2022-11-29 19:48:00,6.7085,121.9711,78.37,82,92,1.9,light rain
617,Ostrovnoy,RU,2022-11-29 19:48:00,68.0531,39.5131,26.37,93,61,7.92,broken clouds
618,San Quintin,MX,2022-11-29 19:48:01,30.4833,-115.95,62.98,57,0,13.53,clear sky
619,Mbekenyera,TZ,2022-11-29 19:48:01,-10.0,38.9833,72.36,90,100,7.74,overcast clouds
620,Cap Malheureux,MU,2022-11-29 19:48:01,-19.9842,57.6142,73.47,73,43,1.99,scattered clouds
621,Jaggayyapeta,IN,2022-11-29 19:48:02,16.9,80.1,66.29,82,5,2.95,clear sky
622,Kupang,ID,2022-11-29 19:48:03,-10.1667,123.5833,80.2,78,100,6.85,overcast clouds
623,Amahai,ID,2022-11-29 19:48:04,-3.3333,128.9167,78.42,83,100,5.06,overcast clouds
624,Condado,CU,2022-11-29 19:48:04,21.8767,-79.8403,83.07,67,96,6.15,overcast clouds
625,Havre-Saint-Pierre,CA,2022-11-29 19:48:06,50.2334,-63.5986,23.0,58,0,16.11,clear sky
626,Pathein,MM,2022-11-29 19:48:07,16.7833,94.7333,75.83,93,83,5.06,broken clouds
627,Lakhipur,IN,2022-11-29 19:48:08,26.0299,90.3041,63.55,78,0,5.82,clear sky
628,Koygorodok,RU,2022-11-29 19:48:10,60.445,50.9968,13.12,97,91,2.62,overcast clouds
629,Akdepe,TM,2022-11-29 19:48:11,42.0551,59.3788,33.89,51,100,6.58,overcast clouds
630,Jambi,ID,2022-11-29 19:48:12,-1.6,103.6167,72.64,98,98,2.86,overcast clouds
631,Punta Alta,AR,2022-11-29 19:48:12,-38.8759,-62.0736,73.74,44,3,23.02,clear sky
632,Natal,BR,2022-11-29 19:48:13,-5.795,-35.2094,84.85,65,20,17.27,few clouds
633,Zaysan,KZ,2022-11-29 19:48:14,47.4667,84.8667,-10.68,78,8,3.24,clear sky
634,Ayorou,NE,2022-11-29 19:48:14,14.7308,0.9174,78.84,13,9,8.86,clear sky
635,Diego De Almagro,CL,2022-11-29 19:47:28,-26.3667,-70.05,75.97,31,0,13.85,clear sky
636,Warri,NG,2022-11-29 19:48:16,5.5167,5.75,77.72,83,39,4.63,scattered clouds
637,Murmashi,RU,2022-11-29 19:48:16,68.8154,32.8115,30.61,100,40,4.47,scattered clouds
638,Rawson,AR,2022-11-29 19:47:31,-43.3002,-65.1023,64.69,55,0,26.46,clear sky
639,Atambua,ID,2022-11-29 19:48:17,-9.1061,124.8925,73.42,89,94,2.19,overcast clouds
640,Mitzic,GA,2022-11-29 19:48:17,0.7821,11.549,69.62,96,100,1.36,overcast clouds
641,Methoni,GR,2022-11-29 19:49:18,36.8197,21.7049,57.22,67,63,18.52,broken clouds
642,Durres,AL,2022-11-29 19:49:18,41.3231,19.4414,41.18,59,100,8.93,overcast clouds
643,Lingao,CN,2022-11-29 19:49:20,19.9103,109.6859,74.61,90,2,7.2,clear sky
644,Coihaique,CL,2022-11-29 19:49:20,-45.5752,-72.0662,59.61,38,20,11.5,few clouds
645,Cururupu,BR,2022-11-29 19:49:21,-1.8283,-44.8683,82.13,63,100,5.97,overcast clouds
646,Bhawanipatna,IN,2022-11-29 19:49:22,19.9,83.1667,61.12,71,2,1.88,clear sky
647,Hirosaki,JP,2022-11-29 19:49:22,40.5931,140.4725,47.52,85,100,5.37,overcast clouds
648,Prince Rupert,CA,2022-11-29 19:46:51,54.3161,-130.3201,28.09,48,0,17.27,clear sky
649,Kalmunai,LK,2022-11-29 19:49:23,7.4167,81.8167,75.0,81,65,5.82,broken clouds
650,Abu Zabad,SD,2022-11-29 19:49:23,12.35,29.25,81.21,29,27,12.33,scattered clouds
651,Zaria,NG,2022-11-29 19:49:24,11.1113,7.7227,69.58,30,0,9.57,clear sky
652,Varhaug,NO,2022-11-29 19:49:25,58.6147,5.6457,45.9,83,99,17.25,overcast clouds
653,Murgab,TM,2022-11-29 19:49:25,37.4966,61.9714,44.47,87,3,4.61,clear sky
654,Lynn Haven,US,2022-11-29 19:49:26,30.2455,-85.6483,78.78,61,100,10.36,overcast clouds
655,Ninohe,JP,2022-11-29 19:49:26,40.2724,141.3061,48.25,89,78,8.05,broken clouds
656,Mbandaka,CD,2022-11-29 19:49:26,0.0487,18.2603,70.77,98,100,2.75,moderate rain
657,Upata,VE,2022-11-29 19:49:27,8.0086,-62.3989,75.49,92,100,5.23,overcast clouds
658,Plouzane,FR,2022-11-29 19:49:27,48.3833,-4.6167,48.25,87,100,8.05,overcast clouds
659,Bonavista,CA,2022-11-29 19:49:28,48.6499,-53.1147,29.73,70,100,25.1,overcast clouds
660,Shar,KZ,2022-11-29 19:49:28,49.5886,81.0453,-20.74,90,28,4.59,scattered clouds
661,Amalapuram,IN,2022-11-29 19:49:29,16.5833,82.0167,69.64,81,9,3.29,clear sky
662,Uray,RU,2022-11-29 19:49:29,60.1247,64.7758,1.83,98,100,2.28,overcast clouds
663,Qasigiannguit,GL,2022-11-29 19:49:30,68.8193,-51.1922,26.85,80,19,7.02,few clouds
664,Addis Abeba,ET,2022-11-29 19:49:30,9.025,38.7469,58.08,44,20,13.8,few clouds
665,Samarinda,ID,2022-11-29 19:49:30,-0.5,117.15,73.4,98,100,0.54,light rain
666,Oksfjord,NO,2022-11-29 19:49:31,70.2396,22.3479,37.58,82,69,8.14,broken clouds
667,Liku,ID,2022-11-29 19:49:31,-0.7275,119.8922,74.62,94,100,2.33,overcast clouds
668,Cerro Blanco,HN,2022-11-29 19:49:31,14.6667,-87.7833,77.58,36,16,3.4,few clouds
669,Vraca,BA,2022-11-29 19:49:32,43.8422,18.3955,34.52,93,75,1.14,broken clouds
670,Talladega,US,2022-11-29 19:49:32,33.4359,-86.1058,73.54,53,0,13.8,clear sky
671,Togur,RU,2022-11-29 19:49:32,58.3631,82.8265,-19.95,99,45,3.44,scattered clouds
672,Pangai,TO,2022-11-29 19:49:33,-19.8,-174.35,80.71,61,20,11.5,few clouds
673,Quatre Cocos,MU,2022-11-29 19:49:33,-20.2078,57.7625,73.51,76,76,8.46,broken clouds
674,Lompoc,US,2022-11-29 19:49:34,34.6391,-120.4579,63.01,58,0,5.01,clear sky
675,Bowen,AU,2022-11-29 19:49:34,-20.0167,148.2333,76.03,88,100,2.28,light rain
676,Matamoros,MX,2022-11-29 19:49:34,25.5333,-103.25,80.11,16,0,5.35,clear sky
677,Virginia Beach,US,2022-11-29 19:44:59,36.8529,-75.978,59.05,57,40,9.22,scattered clouds
678,Kamina,CD,2022-11-29 19:49:35,-8.7386,24.9906,62.96,97,100,1.99,light rain
679,Conceicao Do Araguaia,BR,2022-11-29 19:49:35,-8.2578,-49.2647,72.1,97,100,5.39,overcast clouds
680,Fallon,US,2022-11-29 19:49:36,39.4735,-118.7774,40.91,44,0,3.44,clear sky
681,Artyom,AZ,2022-11-29 19:49:36,40.4723,50.333,46.54,74,100,21.14,overcast clouds
682,Lianzhou,CN,2022-11-29 19:49:36,24.7811,112.3825,49.84,89,100,7.94,overcast clouds
683,Mujiayingzi,CN,2022-11-29 19:49:37,42.1167,118.7833,3.15,35,0,9.31,clear sky
684,Gizo,SB,2022-11-29 19:49:37,-8.103,156.8419,81.81,75,100,3.91,light rain
685,Mahibadhoo,MV,2022-11-29 19:49:37,3.7833,72.9667,80.44,68,99,2.39,overcast clouds
686,Shelby,US,2022-11-29 19:49:38,35.2001,-89.8668,63.14,96,100,9.22,mist
687,Laguna De Duero,ES,2022-11-29 19:49:38,41.5815,-4.7233,39.94,88,20,3.44,few clouds
688,Oriximina,BR,2022-11-29 19:49:38,-1.7656,-55.8661,83.34,67,98,3.56,moderate rain
689,Tonj,SS,2022-11-29 19:50:39,7.2737,28.6822,83.03,40,100,4.7,overcast clouds
690,Lososina,RU,2022-11-29 19:50:39,48.9975,140.3106,8.17,62,0,17.05,clear sky
691,Kazanskaya,RU,2022-11-29 19:50:39,45.4106,40.4361,35.6,60,96,23.31,overcast clouds
692,Along,IN,2022-11-29 19:50:40,28.1667,94.7667,54.41,71,0,1.97,clear sky
693,Gat,IL,2022-11-29 19:47:04,31.61,34.7642,62.4,100,5,4.0,clear sky
694,Kosa,RU,2022-11-29 19:50:40,59.9445,54.9977,10.02,99,87,3.02,overcast clouds
695,Northam,GB,2022-11-29 19:50:41,51.0333,-4.2167,45.25,91,100,7.78,overcast clouds
696,Sokolo,ML,2022-11-29 19:50:41,14.7328,-6.1219,82.98,13,35,8.66,scattered clouds
697,Shubarshi,KZ,2022-11-29 19:50:41,48.5872,57.1869,18.3,46,56,13.11,broken clouds
698,Leh,IN,2022-11-29 19:50:42,34.1667,77.5833,20.62,50,99,1.68,overcast clouds
699,Edd,ER,2022-11-29 19:46:14,13.9297,41.6925,83.53,42,0,18.28,clear sky
700,Whitehorse,CA,2022-11-29 19:49:05,60.7161,-135.0538,-1.19,71,75,17.27,light snow
